-- MySQL dump 10.16  Distrib 10.1.34-MariaDB, for debian-linux-gnu (x86_64)
--
-- Host: localhost    Database: db
-- ------------------------------------------------------
-- Server version	10.1.34-MariaDB-0ubuntu0.18.04.1

/*!40101 SET @OLD_CHARACTER_SET_CLIENT=@@CHARACTER_SET_CLIENT */;
/*!40101 SET @OLD_CHARACTER_SET_RESULTS=@@CHARACTER_SET_RESULTS */;
/*!40101 SET @OLD_COLLATION_CONNECTION=@@COLLATION_CONNECTION */;
/*!40101 SET NAMES utf8mb4 */;
/*!40103 SET @OLD_TIME_ZONE=@@TIME_ZONE */;
/*!40103 SET TIME_ZONE='+00:00' */;
/*!40014 SET @OLD_UNIQUE_CHECKS=@@UNIQUE_CHECKS, UNIQUE_CHECKS=0 */;
/*!40014 SET @OLD_FOREIGN_KEY_CHECKS=@@FOREIGN_KEY_CHECKS, FOREIGN_KEY_CHECKS=0 */;
/*!40101 SET @OLD_SQL_MODE=@@SQL_MODE, SQL_MODE='NO_AUTO_VALUE_ON_ZERO' */;
/*!40111 SET @OLD_SQL_NOTES=@@SQL_NOTES, SQL_NOTES=0 */;

--
-- Table structure for table `bank`
--

DROP TABLE IF EXISTS `bank`;
/*!40101 SET @saved_cs_client     = @@character_set_client */;
/*!40101 SET character_set_client = utf8 */;
CREATE TABLE `bank` (
  `id` int(11) NOT NULL AUTO_INCREMENT,
  `kode_bank` varchar(10) DEFAULT NULL,
  `nama_bank` varchar(100) DEFAULT NULL,
  `logo_bank` varchar(100) DEFAULT NULL,
  PRIMARY KEY (`id`)
) ENGINE=InnoDB AUTO_INCREMENT=135 DEFAULT CHARSET=latin1;
/*!40101 SET character_set_client = @saved_cs_client */;

--
-- Dumping data for table `bank`
--

LOCK TABLES `bank` WRITE;
/*!40000 ALTER TABLE `bank` DISABLE KEYS */;
INSERT INTO `bank` VALUES (1,'002','BANK BRI',NULL),(2,'003','BANK EKSPOR INDONESIA',NULL),(3,'008','BANK MANDIRI',NULL),(4,'009','BANK BNI',NULL),(5,'011','BANK DANAMON',NULL),(6,'013','PERMATA BANK',NULL),(7,'014','BANK BCA',NULL),(8,'016','BANK BII',NULL),(9,'019','BANK PANIN',NULL),(10,'020','BANK ARTA NIAGA KENCANA',NULL),(11,'022','BANK NIAGA',NULL),(12,'023','BANK BUANA IND',NULL),(13,'026','BANK LIPPO',NULL),(14,'028','BANK NISP',NULL),(15,'030','AMERICAN EXPRESS BANK LTD',NULL),(16,'031','CITIBANK N.A.',NULL),(17,'032','JP. MORGAN CHASE BANK, N.A.',NULL),(18,'033','BANK OF AMERICA, N.A',NULL),(19,'034','ING INDONESIA BANK',NULL),(20,'036','BANK MULTICOR TBK.',NULL),(21,'037','BANK ARTHA GRAHA',NULL),(22,'039','BANK CREDIT AGRICOLE INDOSUEnama_bank',NULL),(23,'040','THE BANGKOK BANK COMP. LTD',NULL),(24,'041','THE HONGKONG & SHANGHAI B.C.',NULL),(25,'042','THE BANK OF TOKYO MITSUBISHI UFJ LTD',NULL),(26,'045','BANK SUMITOMO MITSUI INDONESIA',NULL),(27,'046','BANK DBS INDONESIA',NULL),(28,'047','BANK RESONA PERDANIA',NULL),(29,'048','BANK MInama_bankUHO INDONESIA',NULL),(30,'050','STANDARD CHARTERED BANK',NULL),(31,'052','BANK ABN AMRO',NULL),(32,'053','BANK KEPPEL TATLEE BUANA',NULL),(33,'054','BANK CAPITAL INDONESIA, TBK.',NULL),(34,'057','BANK BNP PARIBAS INDONESIA',NULL),(35,'058','BANK UOB INDONESIA',NULL),(36,'059','KOREA EXCHANGE BANK DANAMON',NULL),(37,'060','RABOBANK INTERNASIONAL INDONESIA',NULL),(38,'061','ANnama_bank PANIN BANK',NULL),(39,'067','DEUTSCHE BANK AG.',NULL),(40,'068','BANK WOORI INDONESIA',NULL),(41,'069','BANK OF CHINA LIMITED',NULL),(42,'076','BANK BUMI ARTA',NULL),(43,'087','BANK EKONOMI',NULL),(44,'088','BANK ANTARDAERAH',NULL),(45,'089','BANK HAGA',NULL),(46,'093','BANK IFI',NULL),(47,'095','BANK CENTURY, TBK.',NULL),(48,'097','BANK MAYAPADA',NULL),(49,'110','BANK JABAR',NULL),(50,'111','BANK DKI',NULL),(51,'112','BPD DIY',NULL),(52,'113','BANK JATENG',NULL),(53,'114','BANK JATIM',NULL),(54,'115','BPD JAMBI',NULL),(55,'116','BPD ACEH',NULL),(56,'117','BANK SUMUT',NULL),(57,'118','BANK NAGARI',NULL),(58,'119','BANK RIAU',NULL),(59,'120','BANK SUMSEL',NULL),(60,'121','BANK LAMPUNG',NULL),(61,'122','BPD KALSEL',NULL),(62,'123','BPD KALIMANTAN BARAT',NULL),(63,'124','BPD KALTIM',NULL),(64,'125','BPD KALTENG',NULL),(65,'126','BPD SULSEL',NULL),(66,'127','BANK SULUT',NULL),(67,'128','BPD NTB',NULL),(68,'129','BPD BALI',NULL),(69,'130','BANK NTT',NULL),(70,'131','BANK MALUKU',NULL),(71,'132','BPD PAPUA',NULL),(72,'133','BANK BENGKULU',NULL),(73,'134','BPD SULAWESI TENGAH',NULL),(74,'135','BANK SULTRA',NULL),(75,'145','BANK NUSANTARA PARAHYANGAN',NULL),(76,'146','BANK SWADESI',NULL),(77,'147','BANK MUAMALAT',NULL),(78,'151','BANK MESTIKA',NULL),(79,'152','BANK METRO EXPRESS',NULL),(80,'153','BANK SHINTA INDONESIA',NULL),(81,'157','BANK MASPION',NULL),(82,'159','BANK HAGAKITA',NULL),(83,'161','BANK GANESHA',NULL),(84,'162','BANK WINDU KENTJANA',NULL),(85,'164','HALIM INDONESIA BANK',NULL),(86,'166','BANK HARMONI INTERNATIONAL',NULL),(87,'167','BANK KESAWAN',NULL),(88,'200','BANK TABUNGAN NEGARA INSERT INTO bank  (nama_bank,kode_bank) VALUES (PERSERO)',NULL),(89,'212','BANK HIMPUNAN SAUDARA 1906, TBK .',NULL),(90,'213','BANK TABUNGAN PENSIUNAN NASIONAL',NULL),(91,'405','BANK SWAGUNA',NULL),(92,'422','BANK JASA ARTA',NULL),(93,'426','BANK MEGA',NULL),(94,'427','BANK JASA JAKARTA',NULL),(95,'441','BANK BUKOPIN',NULL),(96,'451','BANK SYARIAH MANDIRI',NULL),(97,'459','BANK BISNIS INTERNASIONAL',NULL),(98,'466','BANK SRI PARTHA',NULL),(99,'472','BANK JASA JAKARTA',NULL),(100,'484','BANK BINTANG MANUNGGAL',NULL),(101,'485','BANK BUMIPUTERA',NULL),(102,'490','BANK YUDHA BHAKTI',NULL),(103,'491','BANK MITRANIAGA',NULL),(104,'494','BANK AGRO NIAGA',NULL),(105,'498','BANK INDOMONEX',NULL),(106,'501','BANK ROYAL INDONESIA',NULL),(107,'503','BANK ALFINDO',NULL),(108,'506','BANK SYARIAH MEGA',NULL),(109,'513','BANK INA PERDANA',NULL),(110,'517','BANK HARFA',NULL),(111,'520','PRIMA MASTER BANK',NULL),(112,'521','BANK PERSYARIKATAN INDONESIA',NULL),(113,'525','BANK AKITA',NULL),(114,'526','LIMAN INTERNATIONAL BANK',NULL),(115,'531','ANGLOMAS INTERNASIONAL BANK',NULL),(116,'523','BANK DIPO INTERNATIONAL',NULL),(117,'535','BANK KESEJAHTERAAN EKONOMI',NULL),(118,'536','BANK UIB',NULL),(119,'542','BANK ARTOS IND',NULL),(120,'547','BANK PURBA DANARTA',NULL),(121,'548','BANK MULTI ARTA SENTOSA',NULL),(122,'553','BANK MAYORA',NULL),(123,'555','BANK INDEX SELINDO',NULL),(124,'566','BANK VICTORIA INTERNATIONAL',NULL),(125,'558','BANK EKSEKUTIF',NULL),(126,'559','CENTRATAMA NASIONAL BANK',NULL),(127,'562','BANK FAMA INTERNASIONAL',NULL),(128,'564','BANK SINAR HARAPAN BALI',NULL),(129,'567','BANK HARDA',NULL),(130,'945','BANK FINCONESIA',NULL),(131,'946','BANK MERINCORP',NULL),(132,'947','BANK MAYBANK INDOCORP',NULL),(133,'948','BANK OCBC – INDONESIA',NULL),(134,'949','BANK CHINA TRUST INDONESIA',NULL);
/*!40000 ALTER TABLE `bank` ENABLE KEYS */;
UNLOCK TABLES;

--
-- Table structure for table `detail_transaction_id_event`
--

DROP TABLE IF EXISTS `detail_transaction_id_event`;
/*!40101 SET @saved_cs_client     = @@character_set_client */;
/*!40101 SET character_set_client = utf8 */;
CREATE TABLE `detail_transaction_id_event` (
  `id` int(8) NOT NULL AUTO_INCREMENT,
  `id_transaction` varchar(8) DEFAULT NULL,
  `id_form_participant` int(5) DEFAULT NULL,
  `id_kategori` int(5) DEFAULT NULL,
  `harga` int(8) DEFAULT NULL,
  `validasi` varchar(255) DEFAULT NULL,
  PRIMARY KEY (`id`)
) ENGINE=InnoDB AUTO_INCREMENT=219 DEFAULT CHARSET=latin1;
/*!40101 SET character_set_client = @saved_cs_client */;

--
-- Dumping data for table `detail_transaction_id_event`
--

LOCK TABLES `detail_transaction_id_event` WRITE;
/*!40000 ALTER TABLE `detail_transaction_id_event` DISABLE KEYS */;
INSERT INTO `detail_transaction_id_event` VALUES (181,'090001',184,26,175000,NULL),(182,'090002',185,26,175000,NULL),(183,'090003',186,33,450000,NULL),(184,'090003',187,33,450000,NULL),(185,'090004',188,33,450000,NULL),(186,'090005',189,26,175000,NULL),(187,'090006',190,30,60000,NULL),(188,'090007',191,27,175000,NULL),(189,'090007',192,27,175000,NULL),(190,'090007',193,26,175000,NULL),(191,'090007',194,26,175000,NULL),(192,'090007',195,26,175000,NULL),(193,'090008',196,26,175000,NULL),(194,'090008',197,26,175000,NULL),(195,'090009',198,26,175000,NULL),(196,'090010',199,27,175000,NULL),(197,'090011',200,26,175000,NULL),(198,'090012',201,26,175000,NULL),(199,'090013',202,26,175000,NULL),(200,'090014',203,26,175000,NULL),(201,'090015',204,26,175000,NULL),(202,'090016',205,26,175000,NULL),(203,'090017',206,26,175000,NULL),(204,'090018',207,26,175000,NULL),(205,'090019',208,26,175000,NULL),(206,'090020',209,26,175000,NULL),(207,'090021',210,26,175000,NULL),(208,'090022',211,26,175000,NULL),(209,'090023',212,26,175000,NULL),(210,'090024',213,26,175000,NULL),(211,'090025',214,26,175000,NULL),(212,'090026',215,26,175000,NULL),(213,'090027',216,26,175000,NULL),(214,'090028',217,26,175000,NULL),(215,'090029',218,26,175000,NULL),(216,'090030',219,26,175000,NULL),(217,'090031',220,26,175000,NULL),(218,'090032',221,26,175000,NULL);
/*!40000 ALTER TABLE `detail_transaction_id_event` ENABLE KEYS */;
UNLOCK TABLES;

--
-- Table structure for table `diskon`
--

DROP TABLE IF EXISTS `diskon`;
/*!40101 SET @saved_cs_client     = @@character_set_client */;
/*!40101 SET character_set_client = utf8 */;
CREATE TABLE `diskon` (
  `id` int(11) NOT NULL AUTO_INCREMENT,
  `status` int(11) NOT NULL DEFAULT '0',
  `kode` varchar(100) DEFAULT NULL,
  `potongan` int(11) DEFAULT NULL,
  `jenis` int(11) DEFAULT NULL,
  `id_group` int(11) DEFAULT NULL,
  `id_kategori` int(11) DEFAULT NULL,
  `id_event` int(11) DEFAULT NULL,
  PRIMARY KEY (`id`)
) ENGINE=InnoDB AUTO_INCREMENT=2 DEFAULT CHARSET=latin1;
/*!40101 SET character_set_client = @saved_cs_client */;

--
-- Dumping data for table `diskon`
--

LOCK TABLES `diskon` WRITE;
/*!40000 ALTER TABLE `diskon` DISABLE KEYS */;
INSERT INTO `diskon` VALUES (1,0,'MAKINMURAH',50,2,NULL,NULL,1);
/*!40000 ALTER TABLE `diskon` ENABLE KEYS */;
UNLOCK TABLES;

--
-- Table structure for table `early_bird`
--

DROP TABLE IF EXISTS `early_bird`;
/*!40101 SET @saved_cs_client     = @@character_set_client */;
/*!40101 SET character_set_client = utf8 */;
CREATE TABLE `early_bird` (
  `id` int(5) NOT NULL AUTO_INCREMENT,
  `id_grup` int(5) DEFAULT NULL,
  `harga` int(6) DEFAULT NULL,
  `tgl_awal` date DEFAULT NULL,
  `tgl_akhir` date DEFAULT NULL,
  `kuota` int(5) DEFAULT NULL,
  PRIMARY KEY (`id`)
) ENGINE=InnoDB AUTO_INCREMENT=6 DEFAULT CHARSET=latin1;
/*!40101 SET character_set_client = @saved_cs_client */;

--
-- Dumping data for table `early_bird`
--

LOCK TABLES `early_bird` WRITE;
/*!40000 ALTER TABLE `early_bird` DISABLE KEYS */;
INSERT INTO `early_bird` VALUES (1,1,2000,'2018-09-07','2018-09-08',2),(2,53,175000,NULL,NULL,500),(3,55,60000,'2018-09-01','2018-10-01',5000),(4,56,250000,NULL,NULL,500),(5,57,450000,NULL,NULL,100);
/*!40000 ALTER TABLE `early_bird` ENABLE KEYS */;
UNLOCK TABLES;

--
-- Table structure for table `emergency_medical`
--

DROP TABLE IF EXISTS `emergency_medical`;
/*!40101 SET @saved_cs_client     = @@character_set_client */;
/*!40101 SET character_set_client = utf8 */;
CREATE TABLE `emergency_medical` (
  `id` int(8) NOT NULL AUTO_INCREMENT,
  `id_personal_detail` int(8) DEFAULT NULL,
  `nama` varchar(200) DEFAULT NULL,
  `nohp` varchar(15) DEFAULT NULL,
  `kondisi_kesehatan` text,
  PRIMARY KEY (`id`)
) ENGINE=InnoDB AUTO_INCREMENT=49 DEFAULT CHARSET=latin1;
/*!40101 SET character_set_client = @saved_cs_client */;

--
-- Dumping data for table `emergency_medical`
--

LOCK TABLES `emergency_medical` WRITE;
/*!40000 ALTER TABLE `emergency_medical` DISABLE KEYS */;
INSERT INTO `emergency_medical` VALUES (2,3,'OK','012','as'),(3,5,'Handoyo','120312','OK'),(4,6,'Aan Suparlan','08129121','OK'),(5,2,'Budi Supriyanto','0812912','Oke'),(6,7,'Faris Widhi','08982382323',NULL),(7,12,'Faris Widhi','08982382323','A'),(8,13,'OK',NULL,NULL),(9,14,'Roni Tri',NULL,NULL),(10,15,'Roni','0891213',NULL),(11,17,'Fatmawati','08123154150','Sehat'),(12,18,'Venny ferari veronica','081333110906','Sehat'),(13,23,'HENDRA SAPUTRA','+6285695555430',NULL),(14,22,'Rosyi','082213933187','Baik'),(15,25,'Saputra','085695555430','sehat'),(16,26,'Imam Buchori','082335693717',NULL),(17,27,'elsa','082232398478','sehat'),(18,28,'Muhammad Najmul Faiz','085695555430','Baik dong'),(19,30,'mutiara','085234526236','sehat'),(20,35,'Muhamad Dwiki Dharmawan','085707774946','Sehat'),(21,33,'Lena','08179615477','Baik, sehat'),(22,29,'Binsar Sinurat','081334403783','Baik dan Sehat Jasmani Rohani'),(23,38,'Sulistiono Sudjono','+6285746638089','Sehat'),(24,36,'Dayat','0896 1627 0116','Sehat'),(25,40,'Jemmy Sinurat','08117331789','Sehat dan baik'),(26,41,'EVA','081334787189',NULL),(27,42,'Elisa','08123451433','Sehat'),(28,43,'Yulius Eduardo','081803271987','Sehat'),(29,44,'Tri Farida Christanti','082130799991','Insya Alloh Sehat'),(30,45,'vicky moh maulana','081330441010','Sehat'),(31,46,'Fekie Manalib','082139428500','Sehat'),(32,48,'Denny Maliantomo','081336729221','Sehat'),(33,52,'Umi Adhiyati','081224646469','kondisi sehat'),(34,50,'Halimi','081334339963','Baik'),(35,53,'Feby Wahyuning','081805188585','Baik'),(36,54,'Nur Yaqin','081555986400','Baik'),(37,55,'Wina','081335075555','Sehat'),(38,56,'Edwin rosyadi','08980336633','Sehat'),(39,57,'Ikhwan','081249420607','-'),(40,58,'Vira tabya','081252959881','Sehat'),(41,61,'Nanik','082257754447','Sehat'),(42,63,'Khoirur','085755506525','Sehat'),(43,66,'Deny','082244338722','-'),(44,67,'Deddy Kusuma Wardani','082230664467','Sehat jasmani'),(45,62,'Wahid Rizal','081331748235','Sehat alhamdulillah'),(46,71,'Muhammad syafii','082143240134','Baik'),(47,72,'Fadilla delima sandi','081330417569','Baik'),(48,73,'Yenny Agustina','081332229669','Sehat walafiat');
/*!40000 ALTER TABLE `emergency_medical` ENABLE KEYS */;
UNLOCK TABLES;

--
-- Table structure for table `event`
--

DROP TABLE IF EXISTS `event`;
/*!40101 SET @saved_cs_client     = @@character_set_client */;
/*!40101 SET character_set_client = utf8 */;
CREATE TABLE `event` (
  `id` int(5) NOT NULL AUTO_INCREMENT,
  `nama` varchar(200) DEFAULT NULL,
  `tanggal` date DEFAULT NULL,
  `id_kota` int(3) DEFAULT NULL,
  `logo` varchar(200) DEFAULT NULL,
  PRIMARY KEY (`id`)
) ENGINE=InnoDB AUTO_INCREMENT=46 DEFAULT CHARSET=latin1;
/*!40101 SET character_set_client = @saved_cs_client */;

--
-- Dumping data for table `event`
--

LOCK TABLES `event` WRITE;
/*!40000 ALTER TABLE `event` DISABLE KEYS */;
INSERT INTO `event` VALUES (42,'Secret Zoo Adventure Run','2018-11-25',3579,'af0dfc56ccce17a1ef36bd74fba9beb9.jpg'),(44,'COLOR FUN 7K','2018-11-25',3579,'8e5413822dd58c75e8eeb01b4270f4c0.jpg'),(45,'LIFESTYLE SUNSET RUN','2019-01-19',3579,'5f4534697b0b663c0f6cbb20e17b64b9.jpg');
/*!40000 ALTER TABLE `event` ENABLE KEYS */;
UNLOCK TABLES;

--
-- Table structure for table `event_detail`
--

DROP TABLE IF EXISTS `event_detail`;
/*!40101 SET @saved_cs_client     = @@character_set_client */;
/*!40101 SET character_set_client = utf8 */;
CREATE TABLE `event_detail` (
  `id` int(5) NOT NULL AUTO_INCREMENT,
  `id_event` int(5) DEFAULT NULL,
  `status_registrasi` int(1) DEFAULT '0' COMMENT '(0=close,1=open)',
  `deskripsi` text,
  `website` varchar(100) DEFAULT NULL,
  PRIMARY KEY (`id`)
) ENGINE=InnoDB AUTO_INCREMENT=41 DEFAULT CHARSET=latin1;
/*!40101 SET character_set_client = @saved_cs_client */;

--
-- Dumping data for table `event_detail`
--

LOCK TABLES `event_detail` WRITE;
/*!40000 ALTER TABLE `event_detail` DISABLE KEYS */;
INSERT INTO `event_detail` VALUES (31,36,0,'<p>OK</p>',NULL),(32,37,1,'<p>OK</p>',NULL),(33,38,0,'<p>OK</p>',NULL),(34,39,0,'<p>OK</p>',NULL),(35,40,1,'<p>OK</p>',NULL),(36,41,1,'<p>OK</p>',NULL),(37,42,1,'<p>\r\n\r\n</p><div><div><div><div><div><div><div><div>Secret Zoo Adventure Run 10K adalah event yang diselenggarakan Jatim Park 2 bekerjasama dengan Tripleasport Management, nikmati keindahan wisata kota batu, ajak keluarga di acara ini karena ada ticket JTP2 Gratis untuk kamu</div></div></div></div></div></div></div></div><p></p>',NULL),(38,43,1,'<p>Nikmati Event terbaru persembahan Jatim Park 2 dan Tripleasport, untuk keluarga tercinta, mencintai alam, dengan memeriahkan Event Fun Colour 7K.</p>',NULL),(39,44,1,'<p>Nikmati Event terbaru persembahan Jatim Park 2 dan Tripleasport, untuk keluarga tercinta, mencintai alam, dengan memeriahkan Event Fun Colour 7K.</p>',NULL),(40,45,1,'<p>SUNSET RUN 10K, Event yang sangat ditunggu untuk seluruh pecinta olahraga Lari, Nikmati Keindahan Sunset di Kota Wisata Batu.</p>',NULL);
/*!40000 ALTER TABLE `event_detail` ENABLE KEYS */;
UNLOCK TABLES;

--
-- Table structure for table `event_term`
--

DROP TABLE IF EXISTS `event_term`;
/*!40101 SET @saved_cs_client     = @@character_set_client */;
/*!40101 SET character_set_client = utf8 */;
CREATE TABLE `event_term` (
  `id` int(5) NOT NULL AUTO_INCREMENT,
  `deskripsi` text CHARACTER SET utf8 COLLATE utf8_bin,
  `id_event` int(5) DEFAULT NULL,
  PRIMARY KEY (`id`)
) ENGINE=InnoDB AUTO_INCREMENT=40 DEFAULT CHARSET=latin1;
/*!40101 SET character_set_client = @saved_cs_client */;

--
-- Dumping data for table `event_term`
--

LOCK TABLES `event_term` WRITE;
/*!40000 ALTER TABLE `event_term` DISABLE KEYS */;
INSERT INTO `event_term` VALUES (31,'<p>AD</p>',37),(32,'<p>AD</p>',38),(33,'<p>AD</p>',39),(34,'<p>AD</p>',40),(35,'<p>AD</p>',41),(36,'<p>\r\n\r\n</p><div><div><div><div><div><div><div><div>Terbuka untuk umum</div></div></div></div></div></div></div></div><p></p>',42),(37,'<p>Untuk Semua Umur</p>',43),(38,'<p>Untuk Semua Umur</p>',44),(39,'<p></p><ul><li>Untuk Umum</li><li>Semua Umur (2-39) dan 40+</li><li>Sehat Jasmani dan Rohani</li></ul><br><br><p></p>',45);
/*!40000 ALTER TABLE `event_term` ENABLE KEYS */;
UNLOCK TABLES;

--
-- Table structure for table `fasilitas`
--

DROP TABLE IF EXISTS `fasilitas`;
/*!40101 SET @saved_cs_client     = @@character_set_client */;
/*!40101 SET character_set_client = utf8 */;
CREATE TABLE `fasilitas` (
  `id` int(5) NOT NULL AUTO_INCREMENT,
  `deskripsi` text,
  `id_event` int(5) DEFAULT NULL,
  PRIMARY KEY (`id`)
) ENGINE=InnoDB AUTO_INCREMENT=40 DEFAULT CHARSET=latin1;
/*!40101 SET character_set_client = @saved_cs_client */;

--
-- Dumping data for table `fasilitas`
--

LOCK TABLES `fasilitas` WRITE;
/*!40000 ALTER TABLE `fasilitas` DISABLE KEYS */;
INSERT INTO `fasilitas` VALUES (36,'<p>\r\n\r\n</p><li>Medali All Finisher</li><li>Sertifikat</li><li>Jersey Trijee</li><li>BIB Number</li><li>Goodie Bag</li><li>Ticket JTP2</li><li>Water Station</li><li>Refreshment</li>\r\n\r\n<br><p></p>',42),(37,'<p></p><ul><li>Jersey<br></li><li>BIB Number<br></li><li>Eye Glasses<br></li><li>Refreshment<br></li><li>Colur Pack<br></li></ul><p></p>',43),(38,'<p></p><ul><li>Jersey<br></li><li>BIB Number<br></li><li>Eye Glasses<br></li><li>Refreshment<br></li><li>Colur Pack<br></li></ul><p></p>',44),(39,'<p></p><ul><li>Medals all finisher<br></li><li>certificate all finisher<br></li><li>jersey trijee<br></li><li>BIB Number Chip<br></li><li>Waist Bag<br></li><li>Ticket Museum Angkut+<br></li><li>Water Station<br></li><li>Refreshment<br></li><li>Goodie Bag<br></li><li>Snack/Food (VIP : Buffet Dinner / Regular : Culinary Party)<br></li></ul><p></p>',45);
/*!40000 ALTER TABLE `fasilitas` ENABLE KEYS */;
UNLOCK TABLES;

--
-- Table structure for table `form_participant_id_event`
--

DROP TABLE IF EXISTS `form_participant_id_event`;
/*!40101 SET @saved_cs_client     = @@character_set_client */;
/*!40101 SET character_set_client = utf8 */;
CREATE TABLE `form_participant_id_event` (
  `id` int(8) NOT NULL AUTO_INCREMENT,
  `id_personal_detail` int(8) DEFAULT NULL,
  `nama_bib` varchar(200) DEFAULT NULL,
  `best_time` varchar(10) DEFAULT NULL,
  `url_best_time` varchar(200) DEFAULT NULL,
  `id_ukuran_jersey` int(2) DEFAULT NULL,
  `makan` int(1) DEFAULT '0' COMMENT '0=Tidak, 1=Ya',
  `kode_validate` int(10) DEFAULT NULL COMMENT 'diisikan hanya saat pembayaran sudah valid bersifat unik',
  PRIMARY KEY (`id`)
) ENGINE=InnoDB AUTO_INCREMENT=222 DEFAULT CHARSET=latin1;
/*!40101 SET character_set_client = @saved_cs_client */;

--
-- Dumping data for table `form_participant_id_event`
--

LOCK TABLES `form_participant_id_event` WRITE;
/*!40000 ALTER TABLE `form_participant_id_event` DISABLE KEYS */;
INSERT INTO `form_participant_id_event` VALUES (31,2,NULL,NULL,NULL,1,0,NULL),(32,3,NULL,NULL,NULL,2,0,NULL),(33,2,NULL,NULL,NULL,1,0,NULL),(34,3,NULL,NULL,NULL,2,0,NULL),(35,2,NULL,NULL,NULL,1,0,NULL),(36,3,NULL,NULL,NULL,1,0,NULL),(37,2,NULL,NULL,NULL,2,0,NULL),(38,2,NULL,NULL,NULL,2,0,NULL),(39,2,NULL,NULL,NULL,1,0,NULL),(40,3,NULL,NULL,NULL,2,0,NULL),(41,3,NULL,NULL,NULL,1,0,NULL),(42,3,NULL,NULL,NULL,2,0,NULL),(43,2,NULL,NULL,NULL,1,0,NULL),(44,3,NULL,NULL,NULL,2,0,NULL),(45,2,NULL,NULL,NULL,1,0,NULL),(46,2,NULL,NULL,NULL,1,0,NULL),(47,2,NULL,NULL,NULL,2,0,NULL),(48,2,NULL,NULL,NULL,1,0,NULL),(49,2,NULL,NULL,NULL,1,0,NULL),(50,3,NULL,NULL,NULL,2,0,NULL),(51,3,NULL,NULL,NULL,1,0,NULL),(52,2,NULL,NULL,NULL,1,0,NULL),(53,3,NULL,NULL,NULL,2,0,NULL),(54,2,NULL,NULL,NULL,1,0,NULL),(55,3,NULL,NULL,NULL,2,0,NULL),(56,2,NULL,NULL,NULL,1,0,NULL),(57,3,NULL,NULL,NULL,1,0,NULL),(58,2,NULL,NULL,NULL,2,0,NULL),(59,3,NULL,NULL,NULL,1,0,NULL),(60,2,NULL,NULL,NULL,2,0,NULL),(61,3,NULL,NULL,NULL,1,0,NULL),(62,2,NULL,NULL,NULL,2,0,NULL),(63,3,NULL,NULL,NULL,2,0,NULL),(64,2,NULL,NULL,NULL,1,0,NULL),(65,2,NULL,NULL,NULL,1,0,NULL),(66,2,NULL,NULL,NULL,1,0,NULL),(67,2,NULL,NULL,NULL,2,0,NULL),(68,2,NULL,NULL,NULL,1,0,NULL),(69,2,NULL,NULL,NULL,2,0,NULL),(70,2,NULL,NULL,NULL,1,0,NULL),(71,2,NULL,NULL,NULL,2,0,NULL),(72,2,NULL,NULL,NULL,1,0,NULL),(73,2,NULL,NULL,NULL,2,0,NULL),(74,2,NULL,NULL,NULL,1,0,NULL),(75,2,NULL,NULL,NULL,1,0,NULL),(76,2,NULL,NULL,NULL,1,0,NULL),(77,2,NULL,NULL,NULL,2,0,NULL),(78,2,NULL,NULL,NULL,2,0,NULL),(79,2,NULL,NULL,NULL,2,0,NULL),(80,2,NULL,NULL,NULL,2,0,NULL),(81,2,NULL,NULL,NULL,2,0,NULL),(82,2,NULL,NULL,NULL,2,0,NULL),(83,2,NULL,NULL,NULL,2,0,NULL),(84,2,NULL,NULL,NULL,1,0,NULL),(85,6,NULL,NULL,NULL,1,0,NULL),(86,2,NULL,NULL,NULL,1,0,NULL),(87,3,NULL,NULL,NULL,2,0,NULL),(88,3,NULL,NULL,NULL,2,0,NULL),(89,3,NULL,NULL,NULL,1,0,NULL),(90,3,'OPL',NULL,NULL,1,0,NULL),(91,2,'DUNIAKU',NULL,NULL,2,0,NULL),(92,6,'OK MAS',NULL,NULL,2,0,NULL),(93,2,NULL,NULL,NULL,2,0,NULL),(94,2,'ak',NULL,NULL,2,0,NULL),(95,3,'AS',NULL,NULL,2,0,NULL),(96,2,'TES',NULL,NULL,2,0,NULL),(97,2,'A',NULL,NULL,2,0,NULL),(98,2,'AOK',NULL,NULL,1,0,NULL),(99,3,'AOS',NULL,NULL,2,0,NULL),(100,2,'AD',NULL,NULL,1,0,NULL),(101,6,'aD',NULL,NULL,1,0,NULL),(102,3,'DA',NULL,NULL,1,0,NULL),(103,2,'AD',NULL,NULL,1,0,NULL),(104,6,'aD',NULL,NULL,1,0,NULL),(105,3,'DA',NULL,NULL,1,0,NULL),(106,2,'AD',NULL,NULL,1,0,NULL),(107,6,'aD',NULL,NULL,1,0,NULL),(108,3,'DA',NULL,NULL,1,0,NULL),(109,2,'AD',NULL,NULL,1,0,NULL),(110,6,'aD',NULL,NULL,1,0,NULL),(111,3,'DA',NULL,NULL,1,0,NULL),(112,2,'AD',NULL,NULL,1,0,NULL),(113,6,'aD',NULL,NULL,1,0,NULL),(114,3,'DA',NULL,NULL,1,0,NULL),(115,2,'AD',NULL,NULL,1,0,NULL),(116,3,'ad',NULL,NULL,1,0,NULL),(117,2,'qd',NULL,NULL,1,0,NULL),(118,6,'ad',NULL,NULL,2,0,NULL),(119,2,'AD',NULL,NULL,2,0,NULL),(120,2,'ad',NULL,NULL,1,0,NULL),(121,3,'ad',NULL,NULL,1,0,NULL),(122,2,'ad',NULL,NULL,1,0,NULL),(123,3,'ad',NULL,NULL,1,0,NULL),(124,2,'ad',NULL,NULL,1,0,NULL),(125,3,'ad',NULL,NULL,1,0,NULL),(126,2,'p',NULL,NULL,1,0,NULL),(127,2,'AD',NULL,NULL,2,0,NULL),(128,2,'A',NULL,NULL,2,0,NULL),(129,2,'APO',NULL,NULL,2,0,NULL),(130,2,'APO',NULL,NULL,2,0,NULL),(131,2,'APO',NULL,NULL,2,0,NULL),(132,2,'a',NULL,NULL,2,0,NULL),(133,2,'ADA',NULL,NULL,1,0,NULL),(134,6,'MKA',NULL,NULL,2,0,NULL),(135,2,'AD',NULL,NULL,1,0,NULL),(136,2,'PAS',NULL,NULL,2,0,NULL),(137,2,';l;',NULL,NULL,1,0,NULL),(138,6,'MAR',NULL,NULL,2,0,NULL),(139,6,'MAR',NULL,NULL,2,0,NULL),(140,7,'AD',NULL,NULL,2,0,NULL),(141,7,'AD',NULL,NULL,2,0,NULL),(142,7,'AD',NULL,NULL,2,0,NULL),(143,7,'AD',NULL,NULL,2,0,NULL),(144,12,'AD',NULL,NULL,1,0,NULL),(145,12,'A',NULL,NULL,1,0,NULL),(146,12,'A',NULL,NULL,1,0,NULL),(147,12,'A',NULL,NULL,1,0,NULL),(148,13,'AOS',NULL,NULL,1,0,NULL),(149,13,'AOS',NULL,NULL,1,0,NULL),(150,13,'AOS',NULL,NULL,1,0,NULL),(151,13,'AOS',NULL,NULL,1,0,NULL),(152,13,'AOS',NULL,NULL,1,0,NULL),(153,13,'OK',NULL,NULL,2,0,NULL),(154,12,'OKE',NULL,NULL,2,0,NULL),(155,12,'OKE',NULL,NULL,2,0,NULL),(156,12,'OKE',NULL,NULL,2,0,NULL),(157,12,'OKE',NULL,NULL,2,0,NULL),(158,12,'OKE',NULL,NULL,2,0,NULL),(159,12,'OKE',NULL,NULL,2,0,NULL),(160,12,'OK',NULL,NULL,2,0,NULL),(161,12,'qw',NULL,NULL,1,0,NULL),(162,12,'OKE',NULL,NULL,2,0,NULL),(163,12,'OKE',NULL,NULL,2,0,NULL),(164,12,'OKE',NULL,NULL,2,0,NULL),(165,12,'OKE',NULL,NULL,2,0,NULL),(166,12,'12',NULL,NULL,7,0,NULL),(167,14,'21',NULL,NULL,8,0,NULL),(168,12,'OK',NULL,NULL,16,0,NULL),(169,14,'AD',NULL,NULL,15,0,NULL),(170,15,'BIB',NULL,NULL,4,0,NULL),(171,15,'BIB',NULL,NULL,4,0,NULL),(172,15,'BIB',NULL,NULL,1,0,NULL),(173,15,'BIB',NULL,NULL,1,0,NULL),(174,16,'Bib',NULL,NULL,4,0,NULL),(175,16,'TES',NULL,NULL,6,0,NULL),(176,20,'Kusniawan',NULL,NULL,5,0,NULL),(177,23,'HENDRA',NULL,NULL,4,0,NULL),(178,23,'HENDRA',NULL,NULL,16,0,NULL),(179,22,'Mencari Cinta',NULL,NULL,15,0,NULL),(180,23,'HENDRA',NULL,NULL,18,0,NULL),(181,24,'BUDI',NULL,NULL,16,0,NULL),(182,23,'HENDRA',NULL,NULL,19,0,NULL),(183,23,'HENDRA',NULL,NULL,19,0,NULL),(184,26,'ALPIN ARIPIN',NULL,NULL,2,0,NULL),(185,27,'andre',NULL,NULL,3,0,NULL),(186,22,'Mencari Cinta',NULL,NULL,21,0,NULL),(187,28,'Mencari Cinta',NULL,NULL,21,0,NULL),(188,22,'Mencari Cinta',NULL,NULL,21,0,NULL),(189,18,'veronica',NULL,NULL,3,0,NULL),(190,18,'veronica',NULL,NULL,14,0,NULL),(191,32,'Ardi Santoso',NULL,NULL,1,0,NULL),(192,NULL,'WIRJOTO',NULL,NULL,3,0,NULL),(193,NULL,'Rahadi P',NULL,NULL,3,0,NULL),(194,NULL,'BAYU EKA',NULL,NULL,4,0,NULL),(195,NULL,'Lesmono',NULL,NULL,4,0,NULL),(196,NULL,'ika putri',NULL,NULL,3,0,NULL),(197,NULL,'dwi norma',NULL,NULL,4,0,NULL),(198,18,'Veronica',NULL,NULL,2,0,NULL),(199,33,'WID',NULL,NULL,2,0,NULL),(200,29,'Jemmy Sinurat',NULL,NULL,4,0,NULL),(201,36,'Khoirur',NULL,NULL,3,0,NULL),(202,40,'Diah Triatmi',NULL,NULL,4,0,NULL),(203,42,'DiJeee',NULL,NULL,5,0,NULL),(204,43,'Vina',NULL,NULL,5,0,NULL),(205,48,'Denny',NULL,NULL,5,0,NULL),(206,54,'Rozaq',NULL,NULL,3,0,NULL),(207,53,'MOHAN AYUSTA',NULL,NULL,3,0,NULL),(208,50,'Maksud',NULL,NULL,3,0,NULL),(209,50,'Ruri',NULL,NULL,2,0,NULL),(210,55,'Wina',NULL,NULL,2,0,NULL),(211,55,'Wina',NULL,NULL,2,0,NULL),(212,63,'Ridho',NULL,NULL,3,0,NULL),(213,57,'Thiago denny',NULL,NULL,2,0,NULL),(214,66,'Ismail',NULL,NULL,2,0,NULL),(215,67,'Deddy Kusuma Wardani',NULL,NULL,4,0,NULL),(216,69,'Fajardiq',NULL,NULL,4,0,NULL),(217,71,'Fadilla delima sandi',NULL,NULL,4,0,NULL),(218,72,'Syaf',NULL,NULL,3,0,NULL),(219,73,'Yenny Agustina',NULL,NULL,2,0,NULL),(220,46,'Fekie',NULL,NULL,2,0,NULL),(221,25,'HENDRA',NULL,NULL,3,0,NULL);
/*!40000 ALTER TABLE `form_participant_id_event` ENABLE KEYS */;
UNLOCK TABLES;

--
-- Table structure for table `group`
--

DROP TABLE IF EXISTS `group`;
/*!40101 SET @saved_cs_client     = @@character_set_client */;
/*!40101 SET character_set_client = utf8 */;
CREATE TABLE `group` (
  `id` int(5) NOT NULL AUTO_INCREMENT,
  `nama` varchar(200) DEFAULT NULL,
  `id_event` int(5) DEFAULT NULL,
  `status` int(1) DEFAULT '0' COMMENT '0=Tidak Aktif, 1=Aktif',
  `kuota` int(11) NOT NULL,
  `nationality` int(1) DEFAULT '0' COMMENT '0=Open,1=Indonesia',
  `flag` varchar(20) DEFAULT NULL,
  PRIMARY KEY (`id`)
) ENGINE=InnoDB AUTO_INCREMENT=58 DEFAULT CHARSET=latin1;
/*!40101 SET character_set_client = @saved_cs_client */;

--
-- Dumping data for table `group`
--

LOCK TABLES `group` WRITE;
/*!40000 ALTER TABLE `group` DISABLE KEYS */;
INSERT INTO `group` VALUES (53,'REGULAR',42,1,2000,0,NULL),(55,'REGULAR',44,1,2000,0,NULL),(56,'REGULAR',45,1,2000,0,NULL),(57,'VIP',45,1,500,0,NULL);
/*!40000 ALTER TABLE `group` ENABLE KEYS */;
UNLOCK TABLES;

--
-- Table structure for table `jenis_bayar`
--

DROP TABLE IF EXISTS `jenis_bayar`;
/*!40101 SET @saved_cs_client     = @@character_set_client */;
/*!40101 SET character_set_client = utf8 */;
CREATE TABLE `jenis_bayar` (
  `id` int(5) DEFAULT NULL,
  `nama` varchar(100) DEFAULT NULL
) ENGINE=InnoDB DEFAULT CHARSET=latin1;
/*!40101 SET character_set_client = @saved_cs_client */;

--
-- Dumping data for table `jenis_bayar`
--

LOCK TABLES `jenis_bayar` WRITE;
/*!40000 ALTER TABLE `jenis_bayar` DISABLE KEYS */;
/*!40000 ALTER TABLE `jenis_bayar` ENABLE KEYS */;
UNLOCK TABLES;

--
-- Table structure for table `kategori`
--

DROP TABLE IF EXISTS `kategori`;
/*!40101 SET @saved_cs_client     = @@character_set_client */;
/*!40101 SET character_set_client = utf8 */;
CREATE TABLE `kategori` (
  `id` int(5) NOT NULL AUTO_INCREMENT,
  `nama` varchar(200) DEFAULT NULL,
  `id_group` int(1) DEFAULT NULL,
  `id_event` int(11) DEFAULT NULL,
  `harga` int(6) DEFAULT NULL,
  `usia_min` int(2) DEFAULT NULL COMMENT '0=tdk ada batas minimal usia',
  `usia_max` int(3) DEFAULT NULL COMMENT '0=tdk ada batas maksimal usia',
  `deskripsi` text,
  `kuota` int(5) DEFAULT NULL COMMENT '0=Unlimited',
  PRIMARY KEY (`id`)
) ENGINE=InnoDB AUTO_INCREMENT=34 DEFAULT CHARSET=latin1;
/*!40101 SET character_set_client = @saved_cs_client */;

--
-- Dumping data for table `kategori`
--

LOCK TABLES `kategori` WRITE;
/*!40000 ALTER TABLE `kategori` DISABLE KEYS */;
INSERT INTO `kategori` VALUES (26,'RUN 10K',53,NULL,250000,2,39,NULL,NULL),(27,'RUN 10K',53,NULL,250000,40,100,NULL,NULL),(28,'7K 2',54,NULL,80000,2,39,NULL,NULL),(29,'7K 40+',55,NULL,80000,40,100,NULL,NULL),(30,'7K 2',55,NULL,80000,2,39,NULL,NULL),(31,'2',56,NULL,350000,2,39,NULL,NULL),(32,'40+',56,NULL,350000,40,100,NULL,NULL),(33,'ALL',57,NULL,500000,2,100,NULL,NULL);
/*!40000 ALTER TABLE `kategori` ENABLE KEYS */;
UNLOCK TABLES;

--
-- Table structure for table `kota`
--

DROP TABLE IF EXISTS `kota`;
/*!40101 SET @saved_cs_client     = @@character_set_client */;
/*!40101 SET character_set_client = utf8 */;
CREATE TABLE `kota` (
  `id` int(6) NOT NULL AUTO_INCREMENT,
  `nama` varchar(100) DEFAULT NULL,
  `id_provinsi` int(3) DEFAULT NULL,
  PRIMARY KEY (`id`)
) ENGINE=InnoDB AUTO_INCREMENT=9472 DEFAULT CHARSET=latin1;
/*!40101 SET character_set_client = @saved_cs_client */;

--
-- Dumping data for table `kota`
--

LOCK TABLES `kota` WRITE;
/*!40000 ALTER TABLE `kota` DISABLE KEYS */;
INSERT INTO `kota` VALUES (1101,'KABUPATEN SIMEULUE',11),(1102,'KABUPATEN ACEH SINGKIL',11),(1103,'KABUPATEN ACEH SELATAN',11),(1104,'KABUPATEN ACEH TENGGARA',11),(1105,'KABUPATEN ACEH TIMUR',11),(1106,'KABUPATEN ACEH TENGAH',11),(1107,'KABUPATEN ACEH BARAT',11),(1108,'KABUPATEN ACEH BESAR',11),(1109,'KABUPATEN PIDIE',11),(1110,'KABUPATEN BIREUEN',11),(1111,'KABUPATEN ACEH UTARA',11),(1112,'KABUPATEN ACEH BARAT DAYA',11),(1113,'KABUPATEN GAYO LUES',11),(1114,'KABUPATEN ACEH TAMIANG',11),(1115,'KABUPATEN NAGAN RAYA',11),(1116,'KABUPATEN ACEH JAYA',11),(1117,'KABUPATEN BENER MERIAH',11),(1118,'KABUPATEN PIDIE JAYA',11),(1171,'KOTA BANDA ACEH',11),(1172,'KOTA SABANG',11),(1173,'KOTA LANGSA',11),(1174,'KOTA LHOKSEUMAWE',11),(1175,'KOTA SUBULUSSALAM',11),(1201,'KABUPATEN NIAS',12),(1202,'KABUPATEN MANDAILING NATAL',12),(1203,'KABUPATEN TAPANULI SELATAN',12),(1204,'KABUPATEN TAPANULI TENGAH',12),(1205,'KABUPATEN TAPANULI UTARA',12),(1206,'KABUPATEN TOBA SAMOSIR',12),(1207,'KABUPATEN LABUHAN BATU',12),(1208,'KABUPATEN ASAHAN',12),(1209,'KABUPATEN SIMALUNGUN',12),(1210,'KABUPATEN DAIRI',12),(1211,'KABUPATEN KARO',12),(1212,'KABUPATEN DELI SERDANG',12),(1213,'KABUPATEN LANGKAT',12),(1214,'KABUPATEN NIAS SELATAN',12),(1215,'KABUPATEN HUMBANG HASUNDUTAN',12),(1216,'KABUPATEN PAKPAK BHARAT',12),(1217,'KABUPATEN SAMOSIR',12),(1218,'KABUPATEN SERDANG BEDAGAI',12),(1219,'KABUPATEN BATU BARA',12),(1220,'KABUPATEN PADANG LAWAS UTARA',12),(1221,'KABUPATEN PADANG LAWAS',12),(1222,'KABUPATEN LABUHAN BATU SELATAN',12),(1223,'KABUPATEN LABUHAN BATU UTARA',12),(1224,'KABUPATEN NIAS UTARA',12),(1225,'KABUPATEN NIAS BARAT',12),(1271,'KOTA SIBOLGA',12),(1272,'KOTA TANJUNG BALAI',12),(1273,'KOTA PEMATANG SIANTAR',12),(1274,'KOTA TEBING TINGGI',12),(1275,'KOTA MEDAN',12),(1276,'KOTA BINJAI',12),(1277,'KOTA PADANGSIDIMPUAN',12),(1278,'KOTA GUNUNGSITOLI',12),(1301,'KABUPATEN KEPULAUAN MENTAWAI',13),(1302,'KABUPATEN PESISIR SELATAN',13),(1303,'KABUPATEN SOLOK',13),(1304,'KABUPATEN SIJUNJUNG',13),(1305,'KABUPATEN TANAH DATAR',13),(1306,'KABUPATEN PADANG PARIAMAN',13),(1307,'KABUPATEN AGAM',13),(1308,'KABUPATEN LIMA PULUH KOTA',13),(1309,'KABUPATEN PASAMAN',13),(1310,'KABUPATEN SOLOK SELATAN',13),(1311,'KABUPATEN DHARMASRAYA',13),(1312,'KABUPATEN PASAMAN BARAT',13),(1371,'KOTA PADANG',13),(1372,'KOTA SOLOK',13),(1373,'KOTA SAWAH LUNTO',13),(1374,'KOTA PADANG PANJANG',13),(1375,'KOTA BUKITTINGGI',13),(1376,'KOTA PAYAKUMBUH',13),(1377,'KOTA PARIAMAN',13),(1401,'KABUPATEN KUANTAN SINGINGI',14),(1402,'KABUPATEN INDRAGIRI HULU',14),(1403,'KABUPATEN INDRAGIRI HILIR',14),(1404,'KABUPATEN PELALAWAN',14),(1405,'KABUPATEN S I A K',14),(1406,'KABUPATEN KAMPAR',14),(1407,'KABUPATEN ROKAN HULU',14),(1408,'KABUPATEN BENGKALIS',14),(1409,'KABUPATEN ROKAN HILIR',14),(1410,'KABUPATEN KEPULAUAN MERANTI',14),(1471,'KOTA PEKANBARU',14),(1473,'KOTA D U M A I',14),(1501,'KABUPATEN KERINCI',15),(1502,'KABUPATEN MERANGIN',15),(1503,'KABUPATEN SAROLANGUN',15),(1504,'KABUPATEN BATANG HARI',15),(1505,'KABUPATEN MUARO JAMBI',15),(1506,'KABUPATEN TANJUNG JABUNG TIMUR',15),(1507,'KABUPATEN TANJUNG JABUNG BARAT',15),(1508,'KABUPATEN TEBO',15),(1509,'KABUPATEN BUNGO',15),(1571,'KOTA JAMBI',15),(1572,'KOTA SUNGAI PENUH',15),(1601,'KABUPATEN OGAN KOMERING ULU',16),(1602,'KABUPATEN OGAN KOMERING ILIR',16),(1603,'KABUPATEN MUARA ENIM',16),(1604,'KABUPATEN LAHAT',16),(1605,'KABUPATEN MUSI RAWAS',16),(1606,'KABUPATEN MUSI BANYUASIN',16),(1607,'KABUPATEN BANYU ASIN',16),(1608,'KABUPATEN OGAN KOMERING ULU SELATAN',16),(1609,'KABUPATEN OGAN KOMERING ULU TIMUR',16),(1610,'KABUPATEN OGAN ILIR',16),(1611,'KABUPATEN EMPAT LAWANG',16),(1612,'KABUPATEN PENUKAL ABAB LEMATANG ILIR',16),(1613,'KABUPATEN MUSI RAWAS UTARA',16),(1671,'KOTA PALEMBANG',16),(1672,'KOTA PRABUMULIH',16),(1673,'KOTA PAGAR ALAM',16),(1674,'KOTA LUBUKLINGGAU',16),(1701,'KABUPATEN BENGKULU SELATAN',17),(1702,'KABUPATEN REJANG LEBONG',17),(1703,'KABUPATEN BENGKULU UTARA',17),(1704,'KABUPATEN KAUR',17),(1705,'KABUPATEN SELUMA',17),(1706,'KABUPATEN MUKOMUKO',17),(1707,'KABUPATEN LEBONG',17),(1708,'KABUPATEN KEPAHIANG',17),(1709,'KABUPATEN BENGKULU TENGAH',17),(1771,'KOTA BENGKULU',17),(1801,'KABUPATEN LAMPUNG BARAT',18),(1802,'KABUPATEN TANGGAMUS',18),(1803,'KABUPATEN LAMPUNG SELATAN',18),(1804,'KABUPATEN LAMPUNG TIMUR',18),(1805,'KABUPATEN LAMPUNG TENGAH',18),(1806,'KABUPATEN LAMPUNG UTARA',18),(1807,'KABUPATEN WAY KANAN',18),(1808,'KABUPATEN TULANGBAWANG',18),(1809,'KABUPATEN PESAWARAN',18),(1810,'KABUPATEN PRINGSEWU',18),(1811,'KABUPATEN MESUJI',18),(1812,'KABUPATEN TULANG BAWANG BARAT',18),(1813,'KABUPATEN PESISIR BARAT',18),(1871,'KOTA BANDAR LAMPUNG',18),(1872,'KOTA METRO',18),(1901,'KABUPATEN BANGKA',19),(1902,'KABUPATEN BELITUNG',19),(1903,'KABUPATEN BANGKA BARAT',19),(1904,'KABUPATEN BANGKA TENGAH',19),(1905,'KABUPATEN BANGKA SELATAN',19),(1906,'KABUPATEN BELITUNG TIMUR',19),(1971,'KOTA PANGKAL PINANG',19),(2101,'KABUPATEN KARIMUN',21),(2102,'KABUPATEN BINTAN',21),(2103,'KABUPATEN NATUNA',21),(2104,'KABUPATEN LINGGA',21),(2105,'KABUPATEN KEPULAUAN ANAMBAS',21),(2171,'KOTA B A T A M',21),(2172,'KOTA TANJUNG PINANG',21),(3101,'KABUPATEN KEPULAUAN SERIBU',31),(3171,'KOTA JAKARTA SELATAN',31),(3172,'KOTA JAKARTA TIMUR',31),(3173,'KOTA JAKARTA PUSAT',31),(3174,'KOTA JAKARTA BARAT',31),(3175,'KOTA JAKARTA UTARA',31),(3201,'KABUPATEN BOGOR',32),(3202,'KABUPATEN SUKABUMI',32),(3203,'KABUPATEN CIANJUR',32),(3204,'KABUPATEN BANDUNG',32),(3205,'KABUPATEN GARUT',32),(3206,'KABUPATEN TASIKMALAYA',32),(3207,'KABUPATEN CIAMIS',32),(3208,'KABUPATEN KUNINGAN',32),(3209,'KABUPATEN CIREBON',32),(3210,'KABUPATEN MAJALENGKA',32),(3211,'KABUPATEN SUMEDANG',32),(3212,'KABUPATEN INDRAMAYU',32),(3213,'KABUPATEN SUBANG',32),(3214,'KABUPATEN PURWAKARTA',32),(3215,'KABUPATEN KARAWANG',32),(3216,'KABUPATEN BEKASI',32),(3217,'KABUPATEN BANDUNG BARAT',32),(3218,'KABUPATEN PANGANDARAN',32),(3271,'KOTA BOGOR',32),(3272,'KOTA SUKABUMI',32),(3273,'KOTA BANDUNG',32),(3274,'KOTA CIREBON',32),(3275,'KOTA BEKASI',32),(3276,'KOTA DEPOK',32),(3277,'KOTA CIMAHI',32),(3278,'KOTA TASIKMALAYA',32),(3279,'KOTA BANJAR',32),(3301,'KABUPATEN CILACAP',33),(3302,'KABUPATEN BANYUMAS',33),(3303,'KABUPATEN PURBALINGGA',33),(3304,'KABUPATEN BANJARNEGARA',33),(3305,'KABUPATEN KEBUMEN',33),(3306,'KABUPATEN PURWOREJO',33),(3307,'KABUPATEN WONOSOBO',33),(3308,'KABUPATEN MAGELANG',33),(3309,'KABUPATEN BOYOLALI',33),(3310,'KABUPATEN KLATEN',33),(3311,'KABUPATEN SUKOHARJO',33),(3312,'KABUPATEN WONOGIRI',33),(3313,'KABUPATEN KARANGANYAR',33),(3314,'KABUPATEN SRAGEN',33),(3315,'KABUPATEN GROBOGAN',33),(3316,'KABUPATEN BLORA',33),(3317,'KABUPATEN REMBANG',33),(3318,'KABUPATEN PATI',33),(3319,'KABUPATEN KUDUS',33),(3320,'KABUPATEN JEPARA',33),(3321,'KABUPATEN DEMAK',33),(3322,'KABUPATEN SEMARANG',33),(3323,'KABUPATEN TEMANGGUNG',33),(3324,'KABUPATEN KENDAL',33),(3325,'KABUPATEN BATANG',33),(3326,'KABUPATEN PEKALONGAN',33),(3327,'KABUPATEN PEMALANG',33),(3328,'KABUPATEN TEGAL',33),(3329,'KABUPATEN BREBES',33),(3371,'KOTA MAGELANG',33),(3372,'KOTA SURAKARTA',33),(3373,'KOTA SALATIGA',33),(3374,'KOTA SEMARANG',33),(3375,'KOTA PEKALONGAN',33),(3376,'KOTA TEGAL',33),(3401,'KABUPATEN KULON PROGO',34),(3402,'KABUPATEN BANTUL',34),(3403,'KABUPATEN GUNUNG KIDUL',34),(3404,'KABUPATEN SLEMAN',34),(3471,'KOTA YOGYAKARTA',34),(3501,'KABUPATEN PACITAN',35),(3502,'KABUPATEN PONOROGO',35),(3503,'KABUPATEN TRENGGALEK',35),(3504,'KABUPATEN TULUNGAGUNG',35),(3505,'KABUPATEN BLITAR',35),(3506,'KABUPATEN KEDIRI',35),(3507,'KABUPATEN MALANG',35),(3508,'KABUPATEN LUMAJANG',35),(3509,'KABUPATEN JEMBER',35),(3510,'KABUPATEN BANYUWANGI',35),(3511,'KABUPATEN BONDOWOSO',35),(3512,'KABUPATEN SITUBONDO',35),(3513,'KABUPATEN PROBOLINGGO',35),(3514,'KABUPATEN PASURUAN',35),(3515,'KABUPATEN SIDOARJO',35),(3516,'KABUPATEN MOJOKERTO',35),(3517,'KABUPATEN JOMBANG',35),(3518,'KABUPATEN NGANJUK',35),(3519,'KABUPATEN MADIUN',35),(3520,'KABUPATEN MAGETAN',35),(3521,'KABUPATEN NGAWI',35),(3522,'KABUPATEN BOJONEGORO',35),(3523,'KABUPATEN TUBAN',35),(3524,'KABUPATEN LAMONGAN',35),(3525,'KABUPATEN GRESIK',35),(3526,'KABUPATEN BANGKALAN',35),(3527,'KABUPATEN SAMPANG',35),(3528,'KABUPATEN PAMEKASAN',35),(3529,'KABUPATEN SUMENEP',35),(3571,'KOTA KEDIRI',35),(3572,'KOTA BLITAR',35),(3573,'KOTA MALANG',35),(3574,'KOTA PROBOLINGGO',35),(3575,'KOTA PASURUAN',35),(3576,'KOTA MOJOKERTO',35),(3577,'KOTA MADIUN',35),(3578,'KOTA SURABAYA',35),(3579,'KOTA BATU',35),(3601,'KABUPATEN PANDEGLANG',36),(3602,'KABUPATEN LEBAK',36),(3603,'KABUPATEN TANGERANG',36),(3604,'KABUPATEN SERANG',36),(3671,'KOTA TANGERANG',36),(3672,'KOTA CILEGON',36),(3673,'KOTA SERANG',36),(3674,'KOTA TANGERANG SELATAN',36),(5101,'KABUPATEN JEMBRANA',51),(5102,'KABUPATEN TABANAN',51),(5103,'KABUPATEN BADUNG',51),(5104,'KABUPATEN GIANYAR',51),(5105,'KABUPATEN KLUNGKUNG',51),(5106,'KABUPATEN BANGLI',51),(5107,'KABUPATEN KARANG ASEM',51),(5108,'KABUPATEN BULELENG',51),(5171,'KOTA DENPASAR',51),(5201,'KABUPATEN LOMBOK BARAT',52),(5202,'KABUPATEN LOMBOK TENGAH',52),(5203,'KABUPATEN LOMBOK TIMUR',52),(5204,'KABUPATEN SUMBAWA',52),(5205,'KABUPATEN DOMPU',52),(5206,'KABUPATEN BIMA',52),(5207,'KABUPATEN SUMBAWA BARAT',52),(5208,'KABUPATEN LOMBOK UTARA',52),(5271,'KOTA MATARAM',52),(5272,'KOTA BIMA',52),(5301,'KABUPATEN SUMBA BARAT',53),(5302,'KABUPATEN SUMBA TIMUR',53),(5303,'KABUPATEN KUPANG',53),(5304,'KABUPATEN TIMOR TENGAH SELATAN',53),(5305,'KABUPATEN TIMOR TENGAH UTARA',53),(5306,'KABUPATEN BELU',53),(5307,'KABUPATEN ALOR',53),(5308,'KABUPATEN LEMBATA',53),(5309,'KABUPATEN FLORES TIMUR',53),(5310,'KABUPATEN SIKKA',53),(5311,'KABUPATEN ENDE',53),(5312,'KABUPATEN NGADA',53),(5313,'KABUPATEN MANGGARAI',53),(5314,'KABUPATEN ROTE NDAO',53),(5315,'KABUPATEN MANGGARAI BARAT',53),(5316,'KABUPATEN SUMBA TENGAH',53),(5317,'KABUPATEN SUMBA BARAT DAYA',53),(5318,'KABUPATEN NAGEKEO',53),(5319,'KABUPATEN MANGGARAI TIMUR',53),(5320,'KABUPATEN SABU RAIJUA',53),(5321,'KABUPATEN MALAKA',53),(5371,'KOTA KUPANG',53),(6101,'KABUPATEN SAMBAS',61),(6102,'KABUPATEN BENGKAYANG',61),(6103,'KABUPATEN LANDAK',61),(6104,'KABUPATEN MEMPAWAH',61),(6105,'KABUPATEN SANGGAU',61),(6106,'KABUPATEN KETAPANG',61),(6107,'KABUPATEN SINTANG',61),(6108,'KABUPATEN KAPUAS HULU',61),(6109,'KABUPATEN SEKADAU',61),(6110,'KABUPATEN MELAWI',61),(6111,'KABUPATEN KAYONG UTARA',61),(6112,'KABUPATEN KUBU RAYA',61),(6171,'KOTA PONTIANAK',61),(6172,'KOTA SINGKAWANG',61),(6201,'KABUPATEN KOTAWARINGIN BARAT',62),(6202,'KABUPATEN KOTAWARINGIN TIMUR',62),(6203,'KABUPATEN KAPUAS',62),(6204,'KABUPATEN BARITO SELATAN',62),(6205,'KABUPATEN BARITO UTARA',62),(6206,'KABUPATEN SUKAMARA',62),(6207,'KABUPATEN LAMANDAU',62),(6208,'KABUPATEN SERUYAN',62),(6209,'KABUPATEN KATINGAN',62),(6210,'KABUPATEN PULANG PISAU',62),(6211,'KABUPATEN GUNUNG MAS',62),(6212,'KABUPATEN BARITO TIMUR',62),(6213,'KABUPATEN MURUNG RAYA',62),(6271,'KOTA PALANGKA RAYA',62),(6301,'KABUPATEN TANAH LAUT',63),(6302,'KABUPATEN KOTA BARU',63),(6303,'KABUPATEN BANJAR',63),(6304,'KABUPATEN BARITO KUALA',63),(6305,'KABUPATEN TAPIN',63),(6306,'KABUPATEN HULU SUNGAI SELATAN',63),(6307,'KABUPATEN HULU SUNGAI TENGAH',63),(6308,'KABUPATEN HULU SUNGAI UTARA',63),(6309,'KABUPATEN TABALONG',63),(6310,'KABUPATEN TANAH BUMBU',63),(6311,'KABUPATEN BALANGAN',63),(6371,'KOTA BANJARMASIN',63),(6372,'KOTA BANJAR BARU',63),(6401,'KABUPATEN PASER',64),(6402,'KABUPATEN KUTAI BARAT',64),(6403,'KABUPATEN KUTAI KARTANEGARA',64),(6404,'KABUPATEN KUTAI TIMUR',64),(6405,'KABUPATEN BERAU',64),(6409,'KABUPATEN PENAJAM PASER UTARA',64),(6411,'KABUPATEN MAHAKAM HULU',64),(6471,'KOTA BALIKPAPAN',64),(6472,'KOTA SAMARINDA',64),(6474,'KOTA BONTANG',64),(6501,'KABUPATEN MALINAU',65),(6502,'KABUPATEN BULUNGAN',65),(6503,'KABUPATEN TANA TIDUNG',65),(6504,'KABUPATEN NUNUKAN',65),(6571,'KOTA TARAKAN',65),(7101,'KABUPATEN BOLAANG MONGONDOW',71),(7102,'KABUPATEN MINAHASA',71),(7103,'KABUPATEN KEPULAUAN SANGIHE',71),(7104,'KABUPATEN KEPULAUAN TALAUD',71),(7105,'KABUPATEN MINAHASA SELATAN',71),(7106,'KABUPATEN MINAHASA UTARA',71),(7107,'KABUPATEN BOLAANG MONGONDOW UTARA',71),(7108,'KABUPATEN SIAU TAGULANDANG BIARO',71),(7109,'KABUPATEN MINAHASA TENGGARA',71),(7110,'KABUPATEN BOLAANG MONGONDOW SELATAN',71),(7111,'KABUPATEN BOLAANG MONGONDOW TIMUR',71),(7171,'KOTA MANADO',71),(7172,'KOTA BITUNG',71),(7173,'KOTA TOMOHON',71),(7174,'KOTA KOTAMOBAGU',71),(7201,'KABUPATEN BANGGAI KEPULAUAN',72),(7202,'KABUPATEN BANGGAI',72),(7203,'KABUPATEN MOROWALI',72),(7204,'KABUPATEN POSO',72),(7205,'KABUPATEN DONGGALA',72),(7206,'KABUPATEN TOLI-TOLI',72),(7207,'KABUPATEN BUOL',72),(7208,'KABUPATEN PARIGI MOUTONG',72),(7209,'KABUPATEN TOJO UNA-UNA',72),(7210,'KABUPATEN SIGI',72),(7211,'KABUPATEN BANGGAI LAUT',72),(7212,'KABUPATEN MOROWALI UTARA',72),(7271,'KOTA PALU',72),(7301,'KABUPATEN KEPULAUAN SELAYAR',73),(7302,'KABUPATEN BULUKUMBA',73),(7303,'KABUPATEN BANTAENG',73),(7304,'KABUPATEN JENEPONTO',73),(7305,'KABUPATEN TAKALAR',73),(7306,'KABUPATEN GOWA',73),(7307,'KABUPATEN SINJAI',73),(7308,'KABUPATEN MAROS',73),(7309,'KABUPATEN PANGKAJENE DAN KEPULAUAN',73),(7310,'KABUPATEN BARRU',73),(7311,'KABUPATEN BONE',73),(7312,'KABUPATEN SOPPENG',73),(7313,'KABUPATEN WAJO',73),(7314,'KABUPATEN SIDENRENG RAPPANG',73),(7315,'KABUPATEN PINRANG',73),(7316,'KABUPATEN ENREKANG',73),(7317,'KABUPATEN LUWU',73),(7318,'KABUPATEN TANA TORAJA',73),(7322,'KABUPATEN LUWU UTARA',73),(7325,'KABUPATEN LUWU TIMUR',73),(7326,'KABUPATEN TORAJA UTARA',73),(7371,'KOTA MAKASSAR',73),(7372,'KOTA PAREPARE',73),(7373,'KOTA PALOPO',73),(7401,'KABUPATEN BUTON',74),(7402,'KABUPATEN MUNA',74),(7403,'KABUPATEN KONAWE',74),(7404,'KABUPATEN KOLAKA',74),(7405,'KABUPATEN KONAWE SELATAN',74),(7406,'KABUPATEN BOMBANA',74),(7407,'KABUPATEN WAKATOBI',74),(7408,'KABUPATEN KOLAKA UTARA',74),(7409,'KABUPATEN BUTON UTARA',74),(7410,'KABUPATEN KONAWE UTARA',74),(7411,'KABUPATEN KOLAKA TIMUR',74),(7412,'KABUPATEN KONAWE KEPULAUAN',74),(7413,'KABUPATEN MUNA BARAT',74),(7414,'KABUPATEN BUTON TENGAH',74),(7415,'KABUPATEN BUTON SELATAN',74),(7471,'KOTA KENDARI',74),(7472,'KOTA BAUBAU',74),(7501,'KABUPATEN BOALEMO',75),(7502,'KABUPATEN GORONTALO',75),(7503,'KABUPATEN POHUWATO',75),(7504,'KABUPATEN BONE BOLANGO',75),(7505,'KABUPATEN GORONTALO UTARA',75),(7571,'KOTA GORONTALO',75),(7601,'KABUPATEN MAJENE',76),(7602,'KABUPATEN POLEWALI MANDAR',76),(7603,'KABUPATEN MAMASA',76),(7604,'KABUPATEN MAMUJU',76),(7605,'KABUPATEN MAMUJU UTARA',76),(7606,'KABUPATEN MAMUJU TENGAH',76),(8101,'KABUPATEN MALUKU TENGGARA BARAT',81),(8102,'KABUPATEN MALUKU TENGGARA',81),(8103,'KABUPATEN MALUKU TENGAH',81),(8104,'KABUPATEN BURU',81),(8105,'KABUPATEN KEPULAUAN ARU',81),(8106,'KABUPATEN SERAM BAGIAN BARAT',81),(8107,'KABUPATEN SERAM BAGIAN TIMUR',81),(8108,'KABUPATEN MALUKU BARAT DAYA',81),(8109,'KABUPATEN BURU SELATAN',81),(8171,'KOTA AMBON',81),(8172,'KOTA TUAL',81),(8201,'KABUPATEN HALMAHERA BARAT',82),(8202,'KABUPATEN HALMAHERA TENGAH',82),(8203,'KABUPATEN KEPULAUAN SULA',82),(8204,'KABUPATEN HALMAHERA SELATAN',82),(8205,'KABUPATEN HALMAHERA UTARA',82),(8206,'KABUPATEN HALMAHERA TIMUR',82),(8207,'KABUPATEN PULAU MOROTAI',82),(8208,'KABUPATEN PULAU TALIABU',82),(8271,'KOTA TERNATE',82),(8272,'KOTA TIDORE KEPULAUAN',82),(9101,'KABUPATEN FAKFAK',91),(9102,'KABUPATEN KAIMANA',91),(9103,'KABUPATEN TELUK WONDAMA',91),(9104,'KABUPATEN TELUK BINTUNI',91),(9105,'KABUPATEN MANOKWARI',91),(9106,'KABUPATEN SORONG SELATAN',91),(9107,'KABUPATEN SORONG',91),(9108,'KABUPATEN RAJA AMPAT',91),(9109,'KABUPATEN TAMBRAUW',91),(9110,'KABUPATEN MAYBRAT',91),(9111,'KABUPATEN MANOKWARI SELATAN',91),(9112,'KABUPATEN PEGUNUNGAN ARFAK',91),(9171,'KOTA SORONG',91),(9401,'KABUPATEN MERAUKE',94),(9402,'KABUPATEN JAYAWIJAYA',94),(9403,'KABUPATEN JAYAPURA',94),(9404,'KABUPATEN NABIRE',94),(9408,'KABUPATEN KEPULAUAN YAPEN',94),(9409,'KABUPATEN BIAK NUMFOR',94),(9410,'KABUPATEN PANIAI',94),(9411,'KABUPATEN PUNCAK JAYA',94),(9412,'KABUPATEN MIMIKA',94),(9413,'KABUPATEN BOVEN DIGOEL',94),(9414,'KABUPATEN MAPPI',94),(9415,'KABUPATEN ASMAT',94),(9416,'KABUPATEN YAHUKIMO',94),(9417,'KABUPATEN PEGUNUNGAN BINTANG',94),(9418,'KABUPATEN TOLIKARA',94),(9419,'KABUPATEN SARMI',94),(9420,'KABUPATEN KEEROM',94),(9426,'KABUPATEN WAROPEN',94),(9427,'KABUPATEN SUPIORI',94),(9428,'KABUPATEN MAMBERAMO RAYA',94),(9429,'KABUPATEN NDUGA',94),(9430,'KABUPATEN LANNY JAYA',94),(9431,'KABUPATEN MAMBERAMO TENGAH',94),(9432,'KABUPATEN YALIMO',94),(9433,'KABUPATEN PUNCAK',94),(9434,'KABUPATEN DOGIYAI',94),(9435,'KABUPATEN INTAN JAYA',94),(9436,'KABUPATEN DEIYAI',94),(9471,'KOTA JAYAPURA',94);
/*!40000 ALTER TABLE `kota` ENABLE KEYS */;
UNLOCK TABLES;

--
-- Table structure for table `log`
--

DROP TABLE IF EXISTS `log`;
/*!40101 SET @saved_cs_client     = @@character_set_client */;
/*!40101 SET character_set_client = utf8 */;
CREATE TABLE `log` (
  `id` int(11) NOT NULL AUTO_INCREMENT,
  `log` text,
  `time` timestamp NULL DEFAULT CURRENT_TIMESTAMP,
  `userid` int(11) DEFAULT NULL,
  `ip_address` varchar(20) NOT NULL,
  PRIMARY KEY (`id`)
) ENGINE=InnoDB AUTO_INCREMENT=1125 DEFAULT CHARSET=latin1;
/*!40101 SET character_set_client = @saved_cs_client */;

--
-- Dumping data for table `log`
--

LOCK TABLES `log` WRITE;
/*!40000 ALTER TABLE `log` DISABLE KEYS */;
INSERT INTO `log` VALUES (1,'User Tidak Menemukan Data Invoice','2018-08-30 19:35:46',879738,''),(2,'User Membuka Invoice Lain','2018-08-30 19:36:18',879738,''),(5,'User Mengakses Halaman http://localhost:8000/as','2018-08-30 20:09:11',879738,''),(6,'User Mengakses Halaman http://localhost:8000/as','2018-08-30 20:09:22',879738,''),(7,'User Tidak Menemukan Data Invoice','2018-08-30 20:09:54',879738,''),(8,'User Tidak Menemukan Data Invoice URL=http://localhost:8000/trx/080090x','2018-08-30 20:10:53',879738,''),(9,'User Membuka Invoice Lain URL=http://localhost:8000/trx/080020','2018-08-30 20:11:14',879738,''),(10,'User Tidak Menemukan Data Invoice URL=http://localhost:8000/trx/08002x0','2018-08-30 20:11:26',879738,''),(11,'User Membuka Invoice Lain URL=http://localhost:8000/trx/080020','2018-08-30 20:11:29',879738,''),(12,'User Tidak Menemukan Data Invoice URL=http://localhost:8000/trx/080062x','2018-08-30 20:11:43',879738,''),(13,'User Mengakses Halaman http://localhost:8000/profilex','2018-08-31 05:58:22',879738,''),(14,'User Mengubah PersonalDetail 879738 | userid = 879738','2018-08-31 05:58:30',NULL,''),(15,'User Memasukan Kode Voucher MAKINMURAH | userid = 879738','2018-08-31 06:04:39',NULL,''),(16,'User Memasukan Kode Voucher MAKINMURAH | userid = 879738','2018-08-31 06:05:39',NULL,''),(17,'User Checkout Transaksi #080091','2018-08-31 06:05:41',879738,''),(18,'User Tidak Menemukan Data Invoice URL=http://localhost:8000/trx/080091x','2018-08-31 06:06:04',879738,''),(19,'User Mengubah PersonalDetail 879738 | userid = 879738','2018-08-31 17:00:24',NULL,''),(20,'User Mengubah PersonalDetail 879738 | userid = 879738','2018-08-31 17:03:44',NULL,''),(21,'User Mengubah PersonalDetail 879738 | userid = 879738','2018-08-31 23:39:09',NULL,''),(22,'User Mengubah PersonalDetail 879738 | userid = 879738','2018-08-31 23:41:16',NULL,''),(23,'User Register590140 | OK | IP =127.0.0.1','2018-09-01 07:42:10',NULL,''),(24,'User Tidak Bisa Register | Email Sudah Digunakan | IP =127.0.0.1','2018-09-01 07:43:59',NULL,''),(25,'User Register913146 | OK | IP =127.0.0.1','2018-09-01 07:45:37',NULL,''),(26,'User Tidak Bisa Register | Email Sudah Digunakan | IP =127.0.0.1','2018-09-01 07:45:49',NULL,''),(27,'User Register765547 | OK | IP =127.0.0.1','2018-09-01 07:46:21',NULL,''),(28,'Kirim Token Daftar ke fariswidhiarta123@gmail.com Token = ti5tB0S18QKzrJhPtdptFL6Lr98NkzolmfpDZS4l','2018-09-01 07:46:22',NULL,''),(29,'Kirim Token Daftar ke fariswidhiarta123@gmail.com Token = hOnbVJKNgsVBLtSCaFt2FTUmLzhuLa85tP7GYy71','2018-09-01 07:57:58',NULL,''),(30,'User Tidak Bisa Register | Email Sudah Digunakan | IP =127.0.0.1','2018-09-01 16:33:38',NULL,''),(31,'User Register223565 | OK | IP =127.0.0.1','2018-09-01 16:33:53',NULL,''),(32,'User Tidak Bisa Register | Email Sudah Digunakan | IP =127.0.0.1','2018-09-01 16:34:18',NULL,''),(33,'User Tidak Bisa Register | Email Sudah Digunakan | IP =127.0.0.1','2018-09-01 16:34:48',NULL,''),(34,'User Register990102 | OK | IP =127.0.0.1','2018-09-01 16:35:00',NULL,''),(35,'Kirim Token Daftar ke fariswidhi32@gmail.com Token = fnPpMa29uD5X1Ewm1hP7AllhXiNPa4UtXJPLJxDK | IP ','2018-09-01 16:35:00',NULL,''),(36,'User Register874894 | OK | IP =127.0.0.1','2018-09-01 16:40:47',NULL,''),(37,'Kirim Token Daftar ke fwidhiarta@gmail.com Token = PWHZ6NfxgOJVpdZyqbkV7MQydbFLn62yZ91Ib4Rk','2018-09-01 16:40:48',NULL,''),(38,'User Mengubah PersonalDetail 874894 | userid = 874894','2018-09-01 17:00:34',NULL,''),(39,'User Mengubah PersonalDetail 874894 | userid = 874894','2018-09-01 17:03:33',NULL,''),(40,'User Mengubah PersonalDetail 874894 | userid = 874894','2018-09-01 17:47:42',NULL,''),(41,'User Memasukan Kode Voucher MAKINMURAH | userid = 874894','2018-09-01 17:49:25',NULL,''),(42,'User Checkout Transaksi #090092','2018-09-01 17:49:34',874894,''),(43,'User Checkout Transaksi #090093','2018-09-01 17:50:40',874894,''),(44,'User Membuka Invoice Lain URL=http://localhost:8000/trx/080090','2018-09-01 19:17:37',NULL,''),(45,'User Mengakses Halaman http://localhost:8000/dashboardx','2018-09-01 19:18:46',879738,''),(46,'User Mengakses Halaman http://localhost:8000/dashboardsx','2018-09-01 19:18:49',879738,''),(47,'User Memasukan Kode Voucher MAKINMURAH | userid = 879738','2018-09-01 19:19:31',NULL,''),(48,'User Mengubah PersonalDetail 879738 | userid = 879738','2018-09-01 19:32:28',NULL,''),(49,'User Mengakses Halaman http://localhost:8000/select%20*%20from%20ok','2018-09-01 19:32:57',879738,''),(50,'User Tidak Menemukan Data Invoice URL=http://localhost:8000/trx/1212','2018-09-01 19:35:09',879738,'127.0.0.1'),(51,'User Memasukan Kode Voucher MAKINMURAH | userid = 879738','2018-09-01 19:37:07',NULL,'127.0.0.1'),(52,'User Memasukan Kode Voucher MAKINMURAH | userid = 879738','2018-09-01 19:38:22',NULL,'127.0.0.1'),(53,'User Memasukan Kode Voucher MAKINMURAH | userid = 879738','2018-09-01 19:38:51',NULL,'127.0.0.1'),(54,'User Memasukan Kode Voucher MAKINMURAH | userid = 879738','2018-09-01 19:40:00',NULL,'127.0.0.1'),(55,'User Memasukan Kode Voucher MAKINMURAH | userid = 879738','2018-09-01 19:41:38',NULL,'127.0.0.1'),(56,'User Memasukan Kode Voucher MAKINMURAH | userid = 879738','2018-09-01 19:42:32',NULL,'127.0.0.1'),(57,'User Memasukan Kode Voucher MAKINMURAH | userid = 879738','2018-09-01 19:43:17',NULL,'127.0.0.1'),(58,'User Memasukan Kode Voucher MAKINMURAH | userid = 879738','2018-09-01 19:44:29',NULL,'127.0.0.1'),(59,'User Memasukan Kode Voucher MAKINMURAH | userid = 879738','2018-09-01 20:02:04',NULL,'127.0.0.1'),(60,'User Memasukan Kode Voucher MAKINMURAH | userid = 879738','2018-09-01 20:02:05',NULL,'127.0.0.1'),(61,'User Memasukan Kode Voucher MAKINMURAH | userid = 879738','2018-09-01 20:02:49',NULL,'127.0.0.1'),(62,'User Memasukan Kode Voucher MAKINMURAH | userid = 879738','2018-09-01 20:08:35',NULL,'127.0.0.1'),(63,'User Memasukan Kode Voucher MAKINMURAH | userid = 879738','2018-09-01 20:08:50',NULL,'127.0.0.1'),(64,'User Checkout Transaksi #090094','2018-09-01 20:11:38',879738,'127.0.0.1'),(65,'User Checkout Transaksi #090094','2018-09-01 20:12:33',879738,'127.0.0.1'),(66,'User Memasukan Kode Voucher MAKINMURAH | userid = 879738','2018-09-01 20:29:51',NULL,'127.0.0.1'),(67,'User Memasukan Kode Voucher MAKINMURAH | userid = 879738','2018-09-01 20:32:31',NULL,'127.0.0.1'),(68,'User Memasukan Kode Voucher MAKINMURAH | userid = 879738','2018-09-01 20:33:45',NULL,'127.0.0.1'),(69,'User Memasukan Kode Voucher MAKINMURAH | userid = 879738','2018-09-01 20:34:17',NULL,'127.0.0.1'),(70,'User Tidak Bisa Register | Email Sudah Digunakan','2018-09-01 20:47:30',NULL,'127.0.0.1'),(71,'User Register570745 | OK | IP =127.0.0.1','2018-09-01 20:48:18',NULL,'127.0.0.1'),(72,'Kirim Token Daftar ke fwidhiarta@gmail.com Token =  Q5oEWaeQ35YfQcJepYQHsxE9TTms03BiMACtc3mf','2018-09-01 20:48:19',NULL,'127.0.0.1'),(73,'User Tidak Bisa Register | Email Sudah Digunakan','2018-09-01 20:51:36',NULL,'127.0.0.1'),(74,'User Register549893 | OK | IP =127.0.0.1','2018-09-01 20:52:08',NULL,'127.0.0.1'),(75,'Kirim Token Daftar ke fwidhiarta@gmail.com Token =  blTcKD48ygj6hxo3YQYuuXYgpnhMhjH70ypziMBd','2018-09-01 20:52:08',NULL,'127.0.0.1'),(76,'User Memasukan Kode Voucher MAKINMURAH | userid = 549893','2018-09-01 21:09:27',NULL,'127.0.0.1'),(77,'User Checkout Transaksi #090094','2018-09-01 21:10:05',549893,'127.0.0.1'),(78,'User Checkout Transaksi #090095','2018-09-01 21:13:10',549893,'127.0.0.1'),(79,'User Checkout Transaksi #090096','2018-09-01 21:13:45',549893,'127.0.0.1'),(80,'User Checkout Transaksi #090097','2018-09-01 21:14:31',549893,'127.0.0.1'),(81,'User Mengubah PersonalDetail 549893 | userid = 549893','2018-09-01 21:32:29',NULL,'127.0.0.1'),(82,'User Register381957 | OK | IP =127.0.0.1','2018-09-02 07:35:08',NULL,'127.0.0.1'),(83,'Kirim Token Daftar ke merahkode@gmail.com Token =  AA5uNyLHjJdaoe4RTK4k2OseKg1Hg07rnwi9XPJB','2018-09-02 07:35:10',NULL,'127.0.0.1'),(84,'Kirim Token Daftar ke merahkode@gmail.com Token =  2fM0Td404qRZhWRIVEGXVXQavA3LMJpLfeEhhBcZ','2018-09-02 07:48:06',NULL,'127.0.0.1'),(85,'Kirim Token Daftar ke merahkode@gmail.com Token =  lzOlZXVNAz3G8dccLGYXWuUrbkqB8B059g3LmIOy','2018-09-02 07:48:35',NULL,'127.0.0.1'),(86,'User Mengakses Halaman http://localhost:8000/reverify','2018-09-02 08:44:56',990102,'127.0.0.1'),(87,'User Tidak Bisa Login | Password Salah | IP =127.0.0.1','2018-09-02 08:52:10',NULL,'127.0.0.1'),(88,'User Register964421 | OK |','2018-09-02 19:35:55',NULL,'127.0.0.1'),(89,'User Tidak Bisa Register | Email Sudah Digunakan','2018-09-02 19:39:55',NULL,'127.0.0.1'),(90,'User Memasukan Kode Voucher MAKINMURAH | userid = 381957','2018-09-02 21:15:37',NULL,'127.0.0.1'),(91,'User Checkout Transaksi #090098','2018-09-02 21:15:39',381957,'127.0.0.1'),(92,'Kirim Invoice Lunas ke  merahkode@gmail.com | kode = 090098','2018-09-02 21:16:18',NULL,'127.0.0.1'),(93,'Kirim Invoice Lunas ke  merahkode@gmail.com | kode = 090098','2018-09-02 21:17:17',NULL,'127.0.0.1'),(94,'Kirim Invoice Lunas ke  merahkode@gmail.com | kode = 090098','2018-09-02 21:17:45',NULL,'127.0.0.1'),(95,'Kirim Invoice Lunas ke  merahkode@gmail.com | kode = 090098','2018-09-02 21:18:17',NULL,'127.0.0.1'),(96,'Kirim Invoice Lunas ke  merahkode@gmail.com | kode = 090098','2018-09-02 21:19:11',NULL,'127.0.0.1'),(97,'Kirim Invoice Lunas ke  merahkode@gmail.com | kode = 090098','2018-09-02 21:19:57',NULL,'127.0.0.1'),(98,'Kirim Invoice Lunas ke  merahkode@gmail.com | kode = 090098','2018-09-02 21:20:47',NULL,'127.0.0.1'),(99,'Kirim Invoice Lunas ke  merahkode@gmail.com | kode = 090098','2018-09-02 21:22:20',NULL,'127.0.0.1'),(100,'Kirim Invoice Lunas ke  merahkode@gmail.com | kode = 090098','2018-09-02 21:25:08',NULL,'127.0.0.1'),(101,'Kirim Invoice Lunas ke  merahkode@gmail.com | kode = 090098','2018-09-02 21:26:20',NULL,'127.0.0.1'),(102,'Kirim Invoice Lunas ke  merahkode@gmail.com | kode = 090098','2018-09-02 21:28:12',NULL,'127.0.0.1'),(103,'Kirim Invoice Lunas ke  merahkode@gmail.com | kode = 090098','2018-09-02 21:30:18',NULL,'127.0.0.1'),(104,'Kirim Invoice Lunas ke  merahkode@gmail.com | kode = 090098','2018-09-02 21:31:21',NULL,'127.0.0.1'),(105,'Kirim Invoice Lunas ke  merahkode@gmail.com | kode = 090098','2018-09-02 21:42:45',NULL,'127.0.0.1'),(106,'Kirim Invoice Lunas ke  merahkode@gmail.com | kode = 090098','2018-09-02 21:43:27',NULL,'127.0.0.1'),(107,'Kirim Invoice Lunas ke  merahkode@gmail.com | kode = 090098','2018-09-02 21:43:43',NULL,'127.0.0.1'),(108,'Kirim Invoice Lunas ke  merahkode@gmail.com | kode = 090098','2018-09-02 22:07:05',NULL,'127.0.0.1'),(109,'Kirim Invoice Lunas ke  merahkode@gmail.com | kode = 090098','2018-09-02 22:10:27',NULL,'127.0.0.1'),(110,'Kirim Invoice Lunas ke  merahkode@gmail.com | kode = 090098','2018-09-02 22:13:49',NULL,'127.0.0.1'),(111,'Kirim Invoice Lunas ke  merahkode@gmail.com | kode = 090098','2018-09-02 22:15:15',NULL,'127.0.0.1'),(112,'Kirim Invoice Lunas ke  merahkode@gmail.com | kode = 090098','2018-09-02 22:15:49',NULL,'127.0.0.1'),(113,'Kirim Invoice Lunas ke  merahkode@gmail.com | kode = 090098','2018-09-02 22:16:17',NULL,'127.0.0.1'),(114,'Kirim Invoice Lunas ke  merahkode@gmail.com | kode = 090098','2018-09-02 22:17:08',NULL,'127.0.0.1'),(115,'Kirim Invoice Lunas ke  merahkode@gmail.com | kode = 090098','2018-09-02 22:19:04',NULL,'127.0.0.1'),(116,'Kirim Invoice Lunas ke  merahkode@gmail.com | kode = 090098','2018-09-02 22:21:29',NULL,'127.0.0.1'),(117,'Kirim Invoice Lunas ke  merahkode@gmail.com | kode = 090098','2018-09-02 22:21:56',NULL,'127.0.0.1'),(118,'Kirim Invoice Lunas ke  merahkode@gmail.com | kode = 090098','2018-09-02 22:22:16',NULL,'127.0.0.1'),(119,'Kirim Invoice Lunas ke  merahkode@gmail.com | kode = 090098','2018-09-02 22:22:46',NULL,'127.0.0.1'),(120,'Kirim Invoice Lunas ke  merahkode@gmail.com | kode = 090098','2018-09-02 22:26:59',NULL,'127.0.0.1'),(121,'Kirim Invoice Lunas ke  merahkode@gmail.com | kode = 090098','2018-09-02 22:28:53',NULL,'127.0.0.1'),(122,'Kirim Invoice Lunas ke  merahkode@gmail.com | kode = 090098','2018-09-02 22:28:58',NULL,'127.0.0.1'),(123,'Kirim Invoice Lunas ke  merahkode@gmail.com | kode = 090098','2018-09-02 22:30:05',NULL,'127.0.0.1'),(124,'Kirim Invoice Lunas ke  merahkode@gmail.com | kode = 090098','2018-09-02 22:31:17',NULL,'127.0.0.1'),(125,'Kirim Invoice Lunas ke  merahkode@gmail.com | kode = 090098','2018-09-02 22:32:07',NULL,'127.0.0.1'),(126,'Kirim Invoice Lunas ke  merahkode@gmail.com | kode = 090098','2018-09-02 22:32:48',NULL,'127.0.0.1'),(127,'Kirim Invoice Lunas ke  merahkode@gmail.com | kode = 090098','2018-09-02 22:33:14',NULL,'127.0.0.1'),(128,'Kirim Invoice Lunas ke  merahkode@gmail.com | kode = 090098','2018-09-02 22:33:39',NULL,'127.0.0.1'),(129,'User Checkout Transaksi #090099','2018-09-02 22:34:10',381957,'127.0.0.1'),(130,'User Checkout Transaksi #090100','2018-09-02 22:34:43',381957,'127.0.0.1'),(131,'User Checkout Transaksi #090101','2018-09-02 22:36:04',381957,'127.0.0.1'),(132,'Kirim Invoice Lunas ke  merahkode@gmail.com | kode = 090098','2018-09-02 22:47:22',NULL,'127.0.0.1'),(133,'Kirim Invoice Lunas ke  merahkode@gmail.com | kode = 090098','2018-09-02 22:49:51',NULL,'127.0.0.1'),(134,'Kirim Invoice Lunas ke  merahkode@gmail.com | kode = 090098','2018-09-02 22:50:30',NULL,'127.0.0.1'),(135,'Kirim Invoice Lunas ke  merahkode@gmail.com | kode = 090098','2018-09-02 22:52:10',NULL,'127.0.0.1'),(136,'Kirim Invoice Lunas ke  merahkode@gmail.com | kode = 090098','2018-09-02 22:52:56',NULL,'127.0.0.1'),(137,'Kirim Invoice Lunas ke  merahkode@gmail.com | kode = 090098','2018-09-02 22:53:03',NULL,'127.0.0.1'),(138,'Kirim Invoice Lunas ke  merahkode@gmail.com | kode = 090098','2018-09-02 22:54:12',NULL,'127.0.0.1'),(139,'Kirim Invoice Lunas ke  merahkode@gmail.com | kode = 090098','2018-09-02 22:54:56',NULL,'127.0.0.1'),(140,'Kirim Invoice Lunas ke  merahkode@gmail.com | kode = 090098','2018-09-02 22:55:30',NULL,'127.0.0.1'),(141,'Kirim Invoice Lunas ke  merahkode@gmail.com | kode = 090098','2018-09-02 22:55:42',NULL,'127.0.0.1'),(142,'Kirim Invoice Lunas ke  merahkode@gmail.com | kode = 090098','2018-09-02 22:56:46',NULL,'127.0.0.1'),(143,'Kirim Invoice Lunas ke  merahkode@gmail.com | kode = 090098','2018-09-02 22:56:57',NULL,'127.0.0.1'),(144,'Kirim Invoice Lunas ke  merahkode@gmail.com | kode = 090098','2018-09-02 22:57:42',NULL,'127.0.0.1'),(145,'Kirim Invoice Lunas ke  merahkode@gmail.com | kode = 090098','2018-09-02 22:58:00',NULL,'127.0.0.1'),(146,'Kirim Invoice Lunas ke  merahkode@gmail.com | kode = 090098','2018-09-02 22:58:07',NULL,'127.0.0.1'),(147,'Kirim Invoice Lunas ke  merahkode@gmail.com | kode = 090098','2018-09-02 22:58:15',NULL,'127.0.0.1'),(148,'Kirim Invoice Lunas ke  merahkode@gmail.com | kode = 090098','2018-09-02 22:58:22',NULL,'127.0.0.1'),(149,'Kirim Invoice Lunas ke  merahkode@gmail.com | kode = 090098','2018-09-02 22:59:04',NULL,'127.0.0.1'),(150,'Kirim Invoice Lunas ke  merahkode@gmail.com | kode = 090098','2018-09-02 23:00:19',NULL,'127.0.0.1'),(151,'Kirim Invoice Lunas ke  merahkode@gmail.com | kode = 090098','2018-09-02 23:01:02',NULL,'127.0.0.1'),(152,'Kirim Invoice Lunas ke  merahkode@gmail.com | kode = 090098','2018-09-02 23:01:40',NULL,'127.0.0.1'),(153,'Kirim Invoice Lunas ke  merahkode@gmail.com | kode = 090098','2018-09-02 23:01:50',NULL,'127.0.0.1'),(154,'Kirim Invoice Lunas ke  merahkode@gmail.com | kode = 090098','2018-09-02 23:01:56',NULL,'127.0.0.1'),(155,'Kirim Invoice Lunas ke  merahkode@gmail.com | kode = 090098','2018-09-02 23:02:45',NULL,'127.0.0.1'),(156,'Kirim Invoice Lunas ke  merahkode@gmail.com | kode = 090098','2018-09-02 23:02:54',NULL,'127.0.0.1'),(157,'Kirim Invoice Lunas ke  merahkode@gmail.com | kode = 090098','2018-09-02 23:03:21',NULL,'127.0.0.1'),(158,'Kirim Invoice Lunas ke  merahkode@gmail.com | kode = 090098','2018-09-02 23:03:27',NULL,'127.0.0.1'),(159,'Kirim Invoice Lunas ke  merahkode@gmail.com | kode = 090098','2018-09-02 23:04:22',NULL,'127.0.0.1'),(160,'Kirim Invoice Lunas ke  merahkode@gmail.com | kode = 090098','2018-09-02 23:04:51',NULL,'127.0.0.1'),(161,'Kirim Invoice Lunas ke  merahkode@gmail.com | kode = 090098','2018-09-02 23:05:08',NULL,'127.0.0.1'),(162,'Kirim Invoice Lunas ke  merahkode@gmail.com | kode = 090098','2018-09-02 23:05:14',NULL,'127.0.0.1'),(163,'Kirim Invoice Lunas ke  merahkode@gmail.com | kode = 090098','2018-09-02 23:05:21',NULL,'127.0.0.1'),(164,'Kirim Invoice Lunas ke  merahkode@gmail.com | kode = 090098','2018-09-02 23:06:26',NULL,'127.0.0.1'),(165,'Kirim Invoice Lunas ke  merahkode@gmail.com | kode = 090098','2018-09-02 23:06:33',NULL,'127.0.0.1'),(166,'Kirim Invoice Lunas ke  merahkode@gmail.com | kode = 090098','2018-09-02 23:06:39',NULL,'127.0.0.1'),(167,'Kirim Invoice Lunas ke  merahkode@gmail.com | kode = 090098','2018-09-02 23:06:57',NULL,'127.0.0.1'),(168,'Kirim Invoice Lunas ke  merahkode@gmail.com | kode = 090098','2018-09-02 23:06:59',NULL,'127.0.0.1'),(169,'Kirim Invoice Lunas ke  merahkode@gmail.com | kode = 090098','2018-09-02 23:07:19',NULL,'127.0.0.1'),(170,'Kirim Invoice Lunas ke  merahkode@gmail.com | kode = 090098','2018-09-02 23:08:31',NULL,'127.0.0.1'),(171,'Kirim Invoice Lunas ke  merahkode@gmail.com | kode = 090098','2018-09-02 23:08:50',NULL,'127.0.0.1'),(172,'Kirim Invoice Lunas ke  merahkode@gmail.com | kode = 090098','2018-09-02 23:08:58',NULL,'127.0.0.1'),(173,'Kirim Invoice Lunas ke  merahkode@gmail.com | kode = 090098','2018-09-02 23:10:14',NULL,'127.0.0.1'),(174,'Kirim Invoice Lunas ke  merahkode@gmail.com | kode = 090098','2018-09-02 23:11:42',NULL,'127.0.0.1'),(175,'Kirim Invoice Lunas ke  merahkode@gmail.com | kode = 090098','2018-09-02 23:20:50',NULL,'127.0.0.1'),(176,'Kirim Invoice Lunas ke  merahkode@gmail.com | kode = 090098','2018-09-02 23:22:12',NULL,'127.0.0.1'),(177,'Kirim Invoice Lunas ke  merahkode@gmail.com | kode = 090098','2018-09-02 23:22:41',NULL,'127.0.0.1'),(178,'Kirim Invoice Lunas ke  merahkode@gmail.com | kode = 090098','2018-09-02 23:31:50',NULL,'127.0.0.1'),(179,'Kirim Invoice Lunas ke  merahkode@gmail.com | kode = 090101','2018-09-03 05:31:07',NULL,'127.0.0.1'),(180,'Kirim Invoice Lunas ke  merahkode@gmail.com | kode = 090101','2018-09-03 05:36:51',NULL,'127.0.0.1'),(181,'Kirim Invoice Lunas ke  merahkode@gmail.com | kode = 090101','2018-09-03 05:40:21',NULL,'127.0.0.1'),(182,'Kirim Invoice Lunas ke  merahkode@gmail.com | kode = 090101','2018-09-03 05:40:50',NULL,'127.0.0.1'),(183,'Kirim Invoice Lunas ke  merahkode@gmail.com | kode = 090101','2018-09-03 05:42:18',NULL,'127.0.0.1'),(184,'Kirim Invoice Lunas ke  merahkode@gmail.com | kode = 090101','2018-09-03 05:43:01',NULL,'127.0.0.1'),(185,'Kirim Invoice Lunas ke  merahkode@gmail.com | kode = 090101','2018-09-03 05:43:13',NULL,'127.0.0.1'),(186,'Kirim Invoice Lunas ke  merahkode@gmail.com | kode = 090101','2018-09-03 05:43:39',NULL,'127.0.0.1'),(187,'Kirim Invoice Lunas ke  merahkode@gmail.com | kode = 090101','2018-09-03 05:45:52',NULL,'127.0.0.1'),(188,'Kirim Invoice Lunas ke  merahkode@gmail.com | kode = 090101','2018-09-03 05:46:17',NULL,'127.0.0.1'),(189,'Kirim Invoice Lunas ke  merahkode@gmail.com | kode = 090101','2018-09-03 05:46:35',NULL,'127.0.0.1'),(190,'Kirim Invoice Lunas ke  merahkode@gmail.com | kode = 090101','2018-09-03 05:46:47',NULL,'127.0.0.1'),(191,'User Register782764 | OK |','2018-09-03 17:05:03',NULL,'127.0.0.1'),(192,'User Mengubah PersonalDetail 782764 | userid = 782764','2018-09-03 17:07:50',NULL,'127.0.0.1'),(193,'User Mengubah PersonalDetail 782764 | userid = 782764','2018-09-03 17:09:14',NULL,'127.0.0.1'),(194,'User Mengubah PersonalDetail 782764 | userid = 782764','2018-09-03 17:09:17',NULL,'127.0.0.1'),(195,'User Mengubah PersonalDetail 782764 | userid = 782764','2018-09-03 17:11:06',NULL,'127.0.0.1'),(196,'User Mengakses Halaman http://localhost:8000/AdminLTE','2018-09-03 17:21:30',782764,'127.0.0.1'),(197,'User Memasukan Kode Voucher MAKINMURAH | userid = 782764','2018-09-03 17:22:38',NULL,'127.0.0.1'),(198,'User Checkout Transaksi #090102','2018-09-03 17:22:42',782764,'127.0.0.1'),(199,'User Checkout Transaksi #090103','2018-09-03 17:25:38',782764,'127.0.0.1'),(200,'User Checkout Transaksi #090104','2018-09-03 17:27:52',782764,'127.0.0.1'),(201,'User Checkout Transaksi #090105','2018-09-03 17:28:41',782764,'127.0.0.1'),(202,'User Checkout Transaksi #090106','2018-09-03 17:29:32',782764,'127.0.0.1'),(203,'User Mengubah PersonalDetail 782764 | userid = 782764','2018-09-03 17:38:39',NULL,'127.0.0.1'),(204,'User Memasukan Kode Voucher MAKINMURAH | userid = 782764','2018-09-03 17:53:07',NULL,'127.0.0.1'),(205,'User Checkout Transaksi #090107','2018-09-03 17:53:18',782764,'127.0.0.1'),(206,'User Mengubah PersonalDetail 782764 | userid = 782764','2018-09-03 18:17:33',NULL,'127.0.0.1'),(207,'User Mengubah PersonalDetail 782764 | userid = 782764','2018-09-03 18:24:28',NULL,'127.0.0.1'),(208,'User Mengubah PersonalDetail 782764 | userid = 782764','2018-09-03 18:46:34',NULL,'127.0.0.1'),(209,'User Mengakses Halaman http://localhost:8000/admin','2018-09-03 19:13:02',782764,'127.0.0.1'),(210,'User Mengubah PersonalDetail 381957 | userid = 381957','2018-09-04 15:57:36',NULL,'127.0.0.1'),(211,'User Mengubah PersonalDetail 381957 | userid = 381957','2018-09-04 16:07:49',NULL,'127.0.0.1'),(212,'User Mengubah PersonalDetail 381957 | userid = 381957','2018-09-04 16:08:49',NULL,'127.0.0.1'),(213,'User Register586362 | OK |','2018-09-04 16:36:07',NULL,'127.0.0.1'),(214,'User Mengubah PersonalDetail 381957 | userid = 381957','2018-09-04 18:47:53',NULL,'127.0.0.1'),(215,'User Tidak Bisa Login | Tidak Ada Akun | IP =192.168.22.122','2018-09-07 12:55:15',NULL,'192.168.22.122'),(216,'User Mengakses Halaman http://192.168.22.244:8000/1536248489Eventku.jpg','2018-09-07 12:56:54',381957,'192.168.22.122'),(217,'User Mengakses Halaman http://192.168.22.244:8000/1536190315Eventku381957.jpg','2018-09-07 12:56:55',381957,'192.168.22.122'),(218,'User Mengakses Halaman http://192.168.22.244:8000/1536248463Eventku.jpg','2018-09-07 12:56:55',381957,'192.168.22.122'),(219,'User Mengakses Halaman http://192.168.22.244:8000/1536190145Eventku381957.jpg','2018-09-07 12:56:55',381957,'192.168.22.122'),(220,'User Mengakses Halaman http://192.168.22.244:8000/1536190068Eventku381957.jpg','2018-09-07 12:56:55',381957,'192.168.22.122'),(221,'User Mengakses Halaman http://192.168.22.244:8000/1536190051Eventku381957.jpg','2018-09-07 12:56:55',381957,'192.168.22.122'),(222,'User Mengakses Halaman http://192.168.22.244:8000/1536188246Eventku381957.jpg','2018-09-07 12:56:56',381957,'192.168.22.122'),(223,'User Mengakses Halaman http://192.168.22.244:8000/1536190033Eventku381957.jpg','2018-09-07 12:56:56',381957,'192.168.22.122'),(224,'User Mengakses Halaman http://192.168.22.244:8000/1536190026Eventku381957.jpg','2018-09-07 12:56:56',381957,'192.168.22.122'),(225,'User Mengakses Halaman http://192.168.22.244:8000/1536189998Eventku381957.jpg','2018-09-07 12:56:57',381957,'192.168.22.122'),(226,'User Mengakses Halaman http://192.168.22.244:8000/1536189943Eventku381957.jpg','2018-09-07 12:56:57',381957,'192.168.22.122'),(227,'User Mengakses Halaman http://192.168.22.244:8000/1536189936Eventku381957.jpg','2018-09-07 12:56:57',381957,'192.168.22.122'),(228,'User Mengakses Halaman http://192.168.22.244:8000/1536189901Eventku381957.jpg','2018-09-07 12:56:57',381957,'192.168.22.122'),(229,'User Mengakses Halaman http://192.168.22.244:8000/1536190315Eventku381957.jpg','2018-09-07 12:56:58',381957,'192.168.22.122'),(230,'User Mengakses Halaman http://192.168.22.244:8000/1536248489Eventku.jpg','2018-09-07 12:56:58',381957,'192.168.22.122'),(231,'User Mengakses Halaman http://192.168.22.244:8000/1536190068Eventku381957.jpg','2018-09-07 12:56:58',381957,'192.168.22.122'),(232,'User Mengakses Halaman http://192.168.22.244:8000/1536190145Eventku381957.jpg','2018-09-07 12:56:58',381957,'192.168.22.122'),(233,'User Mengakses Halaman http://192.168.22.244:8000/1536190051Eventku381957.jpg','2018-09-07 12:56:58',381957,'192.168.22.122'),(234,'User Mengakses Halaman http://192.168.22.244:8000/1536190033Eventku381957.jpg','2018-09-07 12:56:58',381957,'192.168.22.122'),(235,'User Mengakses Halaman http://192.168.22.244:8000/1536188246Eventku381957.jpg','2018-09-07 12:56:59',381957,'192.168.22.122'),(236,'User Mengakses Halaman http://192.168.22.244:8000/1536190026Eventku381957.jpg','2018-09-07 12:56:59',381957,'192.168.22.122'),(237,'User Mengakses Halaman http://192.168.22.244:8000/1536189998Eventku381957.jpg','2018-09-07 12:56:59',381957,'192.168.22.122'),(238,'User Mengakses Halaman http://192.168.22.244:8000/1536189943Eventku381957.jpg','2018-09-07 12:57:00',381957,'192.168.22.122'),(239,'User Mengakses Halaman http://192.168.22.244:8000/1536189936Eventku381957.jpg','2018-09-07 12:57:00',381957,'192.168.22.122'),(240,'User Mengakses Halaman http://192.168.22.244:8000/1536189901Eventku381957.jpg','2018-09-07 12:57:00',381957,'192.168.22.122'),(241,'User Mengakses Halaman http://192.168.22.244:8000/1536188460Eventku381957.jpg','2018-09-07 12:57:00',381957,'192.168.22.122'),(242,'User Mengakses Halaman http://192.168.22.244:8000/1536248489Eventku.jpg','2018-09-07 12:57:06',381957,'192.168.22.122'),(243,'User Mengakses Halaman http://192.168.22.244:8000/1536190026Eventku381957.jpg','2018-09-07 12:57:06',381957,'192.168.22.122'),(244,'User Mengakses Halaman http://192.168.22.244:8000/1536190315Eventku381957.jpg','2018-09-07 12:57:06',381957,'192.168.22.122'),(245,'User Mengakses Halaman http://192.168.22.244:8000/1536190145Eventku381957.jpg','2018-09-07 12:57:06',381957,'192.168.22.122'),(246,'User Mengakses Halaman http://192.168.22.244:8000/1536190051Eventku381957.jpg','2018-09-07 12:57:07',381957,'192.168.22.122'),(247,'User Mengakses Halaman http://192.168.22.244:8000/1536190033Eventku381957.jpg','2018-09-07 12:57:07',381957,'192.168.22.122'),(248,'User Mengakses Halaman http://192.168.22.244:8000/1536188246Eventku381957.jpg','2018-09-07 12:57:07',381957,'192.168.22.122'),(249,'User Mengakses Halaman http://192.168.22.244:8000/1536188460Eventku381957.jpg','2018-09-07 12:57:07',381957,'192.168.22.122'),(250,'User Mengakses Halaman http://192.168.22.244:8000/1536189998Eventku381957.jpg','2018-09-07 12:57:07',381957,'192.168.22.122'),(251,'User Mengakses Halaman http://192.168.22.244:8000/1536189880Eventku381957.jpg','2018-09-07 12:57:07',381957,'192.168.22.122'),(252,'User Mengakses Halaman http://192.168.22.244:8000/1536189943Eventku381957.jpg','2018-09-07 12:57:07',381957,'192.168.22.122'),(253,'User Mengakses Halaman http://192.168.22.244:8000/1536189936Eventku381957.jpg','2018-09-07 12:57:08',381957,'192.168.22.122'),(254,'User Mengakses Halaman http://192.168.22.244:8000/1536189901Eventku381957.jpg','2018-09-07 12:57:08',381957,'192.168.22.122'),(255,'User Mengakses Halaman http://192.168.22.244:8000/1536248489Eventku.jpg','2018-09-07 12:57:10',381957,'192.168.22.122'),(256,'User Mengakses Halaman http://192.168.22.244:8000/1536248489Eventku.jpg','2018-09-07 12:58:23',381957,'192.168.22.122'),(257,'User Mengakses Halaman http://192.168.22.244:8000/1536190033Eventku381957.jpg','2018-09-07 12:58:23',381957,'192.168.22.122'),(258,'User Mengakses Halaman http://192.168.22.244:8000/1536190145Eventku381957.jpg','2018-09-07 12:58:23',381957,'192.168.22.122'),(259,'User Mengakses Halaman http://192.168.22.244:8000/1536190315Eventku381957.jpg','2018-09-07 12:58:23',381957,'192.168.22.122'),(260,'User Mengakses Halaman http://192.168.22.244:8000/1536190026Eventku381957.jpg','2018-09-07 12:58:24',381957,'192.168.22.122'),(261,'User Mengakses Halaman http://192.168.22.244:8000/1536189998Eventku381957.jpg','2018-09-07 12:58:24',381957,'192.168.22.122'),(262,'User Mengakses Halaman http://192.168.22.244:8000/1536188246Eventku381957.jpg','2018-09-07 12:58:24',381957,'192.168.22.122'),(263,'User Mengakses Halaman http://192.168.22.244:8000/1536189943Eventku381957.jpg','2018-09-07 12:58:24',381957,'192.168.22.122'),(264,'User Mengakses Halaman http://192.168.22.244:8000/1536189936Eventku381957.jpg','2018-09-07 12:58:24',381957,'192.168.22.122'),(265,'User Mengakses Halaman http://192.168.22.244:8000/1536189880Eventku381957.jpg','2018-09-07 12:58:24',381957,'192.168.22.122'),(266,'User Mengakses Halaman http://192.168.22.244:8000/1536248489Eventku.jpg','2018-09-07 12:58:35',381957,'192.168.22.122'),(267,'User Mengakses Halaman http://192.168.22.244:8000/1536190026Eventku381957.jpg','2018-09-07 12:58:35',381957,'192.168.22.122'),(268,'User Mengakses Halaman http://192.168.22.244:8000/1536190145Eventku381957.jpg','2018-09-07 12:58:35',381957,'192.168.22.122'),(269,'User Mengakses Halaman http://192.168.22.244:8000/1536190315Eventku381957.jpg','2018-09-07 12:58:36',381957,'192.168.22.122'),(270,'User Mengakses Halaman http://192.168.22.244:8000/1536190033Eventku381957.jpg','2018-09-07 12:58:36',381957,'192.168.22.122'),(271,'User Mengakses Halaman http://192.168.22.244:8000/1536189998Eventku381957.jpg','2018-09-07 12:58:36',381957,'192.168.22.122'),(272,'User Mengakses Halaman http://192.168.22.244:8000/1536188246Eventku381957.jpg','2018-09-07 12:58:36',381957,'192.168.22.122'),(273,'User Mengakses Halaman http://192.168.22.244:8000/1536189936Eventku381957.jpg','2018-09-07 12:58:36',381957,'192.168.22.122'),(274,'User Mengakses Halaman http://192.168.22.244:8000/1536189880Eventku381957.jpg','2018-09-07 12:58:36',381957,'192.168.22.122'),(275,'User Mengakses Halaman http://192.168.22.244:8000/1536248489Eventku.jpg','2018-09-07 12:58:40',381957,'192.168.22.122'),(276,'User Mengakses Halaman http://192.168.22.244:8000/1536190026Eventku381957.jpg','2018-09-07 12:58:40',381957,'192.168.22.122'),(277,'User Mengakses Halaman http://192.168.22.244:8000/1536190315Eventku381957.jpg','2018-09-07 12:58:41',381957,'192.168.22.122'),(278,'User Mengakses Halaman http://192.168.22.244:8000/1536190145Eventku381957.jpg','2018-09-07 12:58:41',381957,'192.168.22.122'),(279,'User Mengakses Halaman http://192.168.22.244:8000/1536190033Eventku381957.jpg','2018-09-07 12:58:41',381957,'192.168.22.122'),(280,'User Mengakses Halaman http://192.168.22.244:8000/1536189998Eventku381957.jpg','2018-09-07 12:58:41',381957,'192.168.22.122'),(281,'User Mengakses Halaman http://192.168.22.244:8000/1536188246Eventku381957.jpg','2018-09-07 12:58:41',381957,'192.168.22.122'),(282,'User Mengakses Halaman http://192.168.22.244:8000/1536189936Eventku381957.jpg','2018-09-07 12:58:41',381957,'192.168.22.122'),(283,'User Mengakses Halaman http://192.168.22.244:8000/1536189880Eventku381957.jpg','2018-09-07 12:58:41',381957,'192.168.22.122'),(284,'User Mengakses Halaman http://192.168.22.244:8000/1536188450Eventku381957.jpg','2018-09-07 12:58:42',381957,'192.168.22.122'),(285,'User Mengakses Halaman http://192.168.22.244:8000/1536248489Eventku.jpg','2018-09-07 12:58:46',381957,'192.168.22.122'),(286,'User Mengakses Halaman http://192.168.22.244:8000/1536190026Eventku381957.jpg','2018-09-07 12:58:46',381957,'192.168.22.122'),(287,'User Mengakses Halaman http://192.168.22.244:8000/1536190315Eventku381957.jpg','2018-09-07 12:58:46',381957,'192.168.22.122'),(288,'User Mengakses Halaman http://192.168.22.244:8000/1536190033Eventku381957.jpg','2018-09-07 12:58:47',381957,'192.168.22.122'),(289,'User Mengakses Halaman http://192.168.22.244:8000/1536189998Eventku381957.jpg','2018-09-07 12:58:47',381957,'192.168.22.122'),(290,'User Mengakses Halaman http://192.168.22.244:8000/1536189936Eventku381957.jpg','2018-09-07 12:58:47',381957,'192.168.22.122'),(291,'User Mengakses Halaman http://192.168.22.244:8000/1536188246Eventku381957.jpg','2018-09-07 12:58:47',381957,'192.168.22.122'),(292,'User Mengakses Halaman http://192.168.22.244:8000/1536188450Eventku381957.jpg','2018-09-07 12:58:47',381957,'192.168.22.122'),(293,'User Mengakses Halaman http://192.168.22.244:8000/1536189880Eventku381957.jpg','2018-09-07 12:58:47',381957,'192.168.22.122'),(294,'User Mengakses Halaman http://192.168.22.244:8000/1536188740Eventku381957.jpg','2018-09-07 12:58:48',381957,'192.168.22.122'),(295,'User Mengakses Halaman http://192.168.22.244:8000/1536248489Eventku.jpg','2018-09-07 12:58:58',381957,'192.168.22.122'),(296,'User Mengakses Halaman http://192.168.22.244:8000/1536190033Eventku381957.jpg','2018-09-07 12:58:59',381957,'192.168.22.122'),(297,'User Mengakses Halaman http://192.168.22.244:8000/1536190315Eventku381957.jpg','2018-09-07 12:58:59',381957,'192.168.22.122'),(298,'User Mengakses Halaman http://192.168.22.244:8000/1536189998Eventku381957.jpg','2018-09-07 12:58:59',381957,'192.168.22.122'),(299,'User Mengakses Halaman http://192.168.22.244:8000/1536190026Eventku381957.jpg','2018-09-07 12:58:59',381957,'192.168.22.122'),(300,'User Mengakses Halaman http://192.168.22.244:8000/1536189936Eventku381957.jpg','2018-09-07 12:58:59',381957,'192.168.22.122'),(301,'User Mengakses Halaman http://192.168.22.244:8000/1536188246Eventku381957.jpg','2018-09-07 12:58:59',381957,'192.168.22.122'),(302,'User Mengakses Halaman http://192.168.22.244:8000/1536188740Eventku381957.jpg','2018-09-07 12:58:59',381957,'192.168.22.122'),(303,'User Mengakses Halaman http://192.168.22.244:8000/1536189880Eventku381957.jpg','2018-09-07 12:59:00',381957,'192.168.22.122'),(304,'User Mengakses Halaman http://192.168.22.244:8000/1536188450Eventku381957.jpg','2018-09-07 12:59:00',381957,'192.168.22.122'),(305,'User Mengakses Halaman http://192.168.22.244:8000/1536248463Eventku.jpg','2018-09-07 12:59:15',381957,'192.168.22.122'),(306,'User Mengakses Halaman http://192.168.22.244:8000/1536248489Eventku.jpg','2018-09-07 13:00:00',381957,'192.168.22.122'),(307,'User Mengakses Halaman http://192.168.22.244:8000/1536248463Eventku.jpg','2018-09-07 13:00:01',381957,'192.168.22.122'),(308,'User Mengakses Halaman http://192.168.22.244:8000/1536190145Eventku381957.jpg','2018-09-07 13:00:01',381957,'192.168.22.122'),(309,'User Mengakses Halaman http://192.168.22.244:8000/1536190315Eventku381957.jpg','2018-09-07 13:00:01',381957,'192.168.22.122'),(310,'User Mengakses Halaman http://192.168.22.244:8000/1536190068Eventku381957.jpg','2018-09-07 13:00:01',381957,'192.168.22.122'),(311,'User Mengakses Halaman http://192.168.22.244:8000/1536190051Eventku381957.jpg','2018-09-07 13:00:01',381957,'192.168.22.122'),(312,'User Mengakses Halaman http://192.168.22.244:8000/1536188246Eventku381957.jpg','2018-09-07 13:00:01',381957,'192.168.22.122'),(313,'User Mengakses Halaman http://192.168.22.244:8000/1536190033Eventku381957.jpg','2018-09-07 13:00:01',381957,'192.168.22.122'),(314,'User Mengakses Halaman http://192.168.22.244:8000/1536190026Eventku381957.jpg','2018-09-07 13:00:02',381957,'192.168.22.122'),(315,'User Mengakses Halaman http://192.168.22.244:8000/1536188427Eventku381957.jpg','2018-09-07 13:00:02',381957,'192.168.22.122'),(316,'User Mengakses Halaman http://192.168.22.244:8000/1536188460Eventku381957.jpg','2018-09-07 13:00:02',381957,'192.168.22.122'),(317,'User Mengakses Halaman http://192.168.22.244:8000/1536188450Eventku381957.jpg','2018-09-07 13:00:02',381957,'192.168.22.122'),(318,'User Mengakses Halaman http://192.168.22.244:8000/1536189998Eventku381957.jpg','2018-09-07 13:00:02',381957,'192.168.22.122'),(319,'User Mengakses Halaman http://192.168.22.244:8000/1536188700Eventku381957.jpg','2018-09-07 13:00:02',381957,'192.168.22.122'),(320,'User Mengakses Halaman http://192.168.22.244:8000/1536188517Eventku381957.jpg','2018-09-07 13:00:02',381957,'192.168.22.122'),(321,'User Mengakses Halaman http://192.168.22.244:8000/1536188740Eventku381957.jpg','2018-09-07 13:00:02',381957,'192.168.22.122'),(322,'User Mengakses Halaman http://192.168.22.244:8000/1536189943Eventku381957.jpg','2018-09-07 13:00:03',381957,'192.168.22.122'),(323,'User Mengakses Halaman http://192.168.22.244:8000/1536189936Eventku381957.jpg','2018-09-07 13:00:03',381957,'192.168.22.122'),(324,'User Mengakses Halaman http://192.168.22.244:8000/1536189901Eventku381957.jpg','2018-09-07 13:00:03',381957,'192.168.22.122'),(325,'User Mengakses Halaman http://192.168.22.244:8000/1536189880Eventku381957.jpg','2018-09-07 13:00:03',381957,'192.168.22.122'),(326,'User Mengakses Halaman http://192.168.22.244:8000/1536189825Eventku381957.jpg','2018-09-07 13:00:03',381957,'192.168.22.122'),(327,'User Mengakses Halaman http://192.168.22.244:8000/1536189806Eventku381957.jpg','2018-09-07 13:00:03',381957,'192.168.22.122'),(328,'User Mengakses Halaman http://192.168.22.244:8000/1536248489Eventku.jpg','2018-09-07 13:01:20',381957,'192.168.22.122'),(329,'User Mengakses Halaman http://192.168.22.244:8000/1536190315Eventku381957.jpg','2018-09-07 13:01:21',381957,'192.168.22.122'),(330,'User Mengakses Halaman http://192.168.22.244:8000/1536248463Eventku.jpg','2018-09-07 13:01:21',381957,'192.168.22.122'),(331,'User Mengakses Halaman http://192.168.22.244:8000/1536190068Eventku381957.jpg','2018-09-07 13:01:21',381957,'192.168.22.122'),(332,'User Mengakses Halaman http://192.168.22.244:8000/1536190145Eventku381957.jpg','2018-09-07 13:01:21',381957,'192.168.22.122'),(333,'User Mengakses Halaman http://192.168.22.244:8000/1536190051Eventku381957.jpg','2018-09-07 13:01:21',381957,'192.168.22.122'),(334,'User Mengakses Halaman http://192.168.22.244:8000/1536190033Eventku381957.jpg','2018-09-07 13:01:21',381957,'192.168.22.122'),(335,'User Mengakses Halaman http://192.168.22.244:8000/1536190026Eventku381957.jpg','2018-09-07 13:01:21',381957,'192.168.22.122'),(336,'User Mengakses Halaman http://192.168.22.244:8000/1536188246Eventku381957.jpg','2018-09-07 13:01:22',381957,'192.168.22.122'),(337,'User Mengakses Halaman http://192.168.22.244:8000/1536189998Eventku381957.jpg','2018-09-07 13:01:22',381957,'192.168.22.122'),(338,'User Mengakses Halaman http://192.168.22.244:8000/1536189943Eventku381957.jpg','2018-09-07 13:01:22',381957,'192.168.22.122'),(339,'User Mengakses Halaman http://192.168.22.244:8000/1536188427Eventku381957.jpg','2018-09-07 13:01:22',381957,'192.168.22.122'),(340,'User Mengakses Halaman http://192.168.22.244:8000/1536188450Eventku381957.jpg','2018-09-07 13:01:22',381957,'192.168.22.122'),(341,'User Mengakses Halaman http://192.168.22.244:8000/1536189936Eventku381957.jpg','2018-09-07 13:01:22',381957,'192.168.22.122'),(342,'User Mengakses Halaman http://192.168.22.244:8000/1536189901Eventku381957.jpg','2018-09-07 13:01:22',381957,'192.168.22.122'),(343,'User Mengakses Halaman http://192.168.22.244:8000/1536189880Eventku381957.jpg','2018-09-07 13:01:22',381957,'192.168.22.122'),(344,'User Mengakses Halaman http://192.168.22.244:8000/1536189825Eventku381957.jpg','2018-09-07 13:01:23',381957,'192.168.22.122'),(345,'User Mengakses Halaman http://192.168.22.244:8000/1536189806Eventku381957.jpg','2018-09-07 13:01:23',381957,'192.168.22.122'),(346,'User Mengakses Halaman http://192.168.22.244:8000/1536188740Eventku381957.jpg','2018-09-07 13:01:23',381957,'192.168.22.122'),(347,'User Mengakses Halaman http://192.168.22.244:8000/1536188700Eventku381957.jpg','2018-09-07 13:01:23',381957,'192.168.22.122'),(348,'User Mengakses Halaman http://192.168.22.244:8000/1536188517Eventku381957.jpg','2018-09-07 13:01:23',381957,'192.168.22.122'),(349,'User Mengakses Halaman http://192.168.22.244:8000/1536188460Eventku381957.jpg','2018-09-07 13:01:23',381957,'192.168.22.122'),(350,'User Mengakses Halaman http://192.168.22.244:8000/1536248489Eventku.jpg','2018-09-07 13:02:41',381957,'192.168.22.122'),(351,'User Mengakses Halaman http://192.168.22.244:8000/1536248463Eventku.jpg','2018-09-07 13:02:41',381957,'192.168.22.122'),(352,'User Mengakses Halaman http://192.168.22.244:8000/1536190315Eventku381957.jpg','2018-09-07 13:02:41',381957,'192.168.22.122'),(353,'User Mengakses Halaman http://192.168.22.244:8000/1536190145Eventku381957.jpg','2018-09-07 13:02:41',381957,'192.168.22.122'),(354,'User Mengakses Halaman http://192.168.22.244:8000/1536190068Eventku381957.jpg','2018-09-07 13:02:41',381957,'192.168.22.122'),(355,'User Mengakses Halaman http://192.168.22.244:8000/1536190051Eventku381957.jpg','2018-09-07 13:02:42',381957,'192.168.22.122'),(356,'User Mengakses Halaman http://192.168.22.244:8000/1536190033Eventku381957.jpg','2018-09-07 13:02:42',381957,'192.168.22.122'),(357,'User Mengakses Halaman http://192.168.22.244:8000/1536190026Eventku381957.jpg','2018-09-07 13:02:42',381957,'192.168.22.122'),(358,'User Mengakses Halaman http://192.168.22.244:8000/1536189998Eventku381957.jpg','2018-09-07 13:02:42',381957,'192.168.22.122'),(359,'User Mengakses Halaman http://192.168.22.244:8000/1536188246Eventku381957.jpg','2018-09-07 13:02:42',381957,'192.168.22.122'),(360,'User Mengakses Halaman http://192.168.22.244:8000/1536189943Eventku381957.jpg','2018-09-07 13:02:42',381957,'192.168.22.122'),(361,'User Mengakses Halaman http://192.168.22.244:8000/1536189936Eventku381957.jpg','2018-09-07 13:02:42',381957,'192.168.22.122'),(362,'User Mengakses Halaman http://192.168.22.244:8000/1536189901Eventku381957.jpg','2018-09-07 13:02:43',381957,'192.168.22.122'),(363,'User Mengakses Halaman http://192.168.22.244:8000/1536189880Eventku381957.jpg','2018-09-07 13:02:43',381957,'192.168.22.122'),(364,'User Mengakses Halaman http://192.168.22.244:8000/1536189825Eventku381957.jpg','2018-09-07 13:02:43',381957,'192.168.22.122'),(365,'User Mengakses Halaman http://192.168.22.244:8000/1536189806Eventku381957.jpg','2018-09-07 13:02:43',381957,'192.168.22.122'),(366,'User Mengakses Halaman http://192.168.22.244:8000/1536188740Eventku381957.jpg','2018-09-07 13:02:43',381957,'192.168.22.122'),(367,'User Mengakses Halaman http://192.168.22.244:8000/1536188700Eventku381957.jpg','2018-09-07 13:02:43',381957,'192.168.22.122'),(368,'User Mengakses Halaman http://192.168.22.244:8000/1536188427Eventku381957.jpg','2018-09-07 13:02:44',381957,'192.168.22.122'),(369,'User Mengakses Halaman http://192.168.22.244:8000/1536188517Eventku381957.jpg','2018-09-07 13:02:44',381957,'192.168.22.122'),(370,'User Mengakses Halaman http://192.168.22.244:8000/1536188460Eventku381957.jpg','2018-09-07 13:02:44',381957,'192.168.22.122'),(371,'User Mengakses Halaman http://192.168.22.244:8000/1536188450Eventku381957.jpg','2018-09-07 13:02:44',381957,'192.168.22.122'),(372,'User Mengakses Halaman http://localhost:8000/1536188246Eventku381957.jpg','2018-09-07 14:39:15',381957,'127.0.0.1'),(373,'User Mengakses Halaman http://localhost:8000/1536248489Eventku.jpg','2018-09-07 14:39:15',381957,'127.0.0.1'),(374,'User Mengakses Halaman http://localhost:8000/1536248463Eventku.jpg','2018-09-07 14:39:16',381957,'127.0.0.1'),(375,'User Mengakses Halaman http://localhost:8000/1536190315Eventku381957.jpg','2018-09-07 14:39:16',381957,'127.0.0.1'),(376,'User Mengakses Halaman http://localhost:8000/1536190145Eventku381957.jpg','2018-09-07 14:39:16',381957,'127.0.0.1'),(377,'User Mengakses Halaman http://localhost:8000/1536190068Eventku381957.jpg','2018-09-07 14:39:16',381957,'127.0.0.1'),(378,'User Mengakses Halaman http://localhost:8000/1536190051Eventku381957.jpg','2018-09-07 14:39:17',381957,'127.0.0.1'),(379,'User Mengakses Halaman http://localhost:8000/1536190033Eventku381957.jpg','2018-09-07 14:39:17',381957,'127.0.0.1'),(380,'User Mengakses Halaman http://localhost:8000/1536190026Eventku381957.jpg','2018-09-07 14:39:17',381957,'127.0.0.1'),(381,'User Mengakses Halaman http://localhost:8000/1536189998Eventku381957.jpg','2018-09-07 14:39:17',381957,'127.0.0.1'),(382,'User Mengakses Halaman http://localhost:8000/1536189943Eventku381957.jpg','2018-09-07 14:39:18',381957,'127.0.0.1'),(383,'User Mengakses Halaman http://localhost:8000/1536189936Eventku381957.jpg','2018-09-07 14:39:18',381957,'127.0.0.1'),(384,'User Mengakses Halaman http://localhost:8000/1536189901Eventku381957.jpg','2018-09-07 14:39:18',381957,'127.0.0.1'),(385,'User Mengakses Halaman http://localhost:8000/1536189880Eventku381957.jpg','2018-09-07 14:39:19',381957,'127.0.0.1'),(386,'User Mengakses Halaman http://localhost:8000/1536189825Eventku381957.jpg','2018-09-07 14:39:19',381957,'127.0.0.1'),(387,'User Mengakses Halaman http://localhost:8000/1536189806Eventku381957.jpg','2018-09-07 14:39:19',381957,'127.0.0.1'),(388,'User Mengakses Halaman http://localhost:8000/1536188740Eventku381957.jpg','2018-09-07 14:39:19',381957,'127.0.0.1'),(389,'User Mengakses Halaman http://localhost:8000/1536188700Eventku381957.jpg','2018-09-07 14:39:20',381957,'127.0.0.1'),(390,'User Mengakses Halaman http://localhost:8000/1536188517Eventku381957.jpg','2018-09-07 14:39:20',381957,'127.0.0.1'),(391,'User Mengakses Halaman http://localhost:8000/1536188460Eventku381957.jpg','2018-09-07 14:39:20',381957,'127.0.0.1'),(392,'User Mengakses Halaman http://localhost:8000/1536188450Eventku381957.jpg','2018-09-07 14:39:20',381957,'127.0.0.1'),(393,'User Mengakses Halaman http://localhost:8000/1536188427Eventku381957.jpg','2018-09-07 14:39:21',381957,'127.0.0.1'),(394,'User Mengakses Halaman http://localhost:8000/1536188246Eventku381957.jpg','2018-09-07 14:53:58',381957,'127.0.0.1'),(395,'User Mengakses Halaman http://localhost:8000/1536188427Eventku381957.jpg','2018-09-07 14:53:58',381957,'127.0.0.1'),(396,'User Mengakses Halaman http://localhost:8000/1536188450Eventku381957.jpg','2018-09-07 14:53:58',381957,'127.0.0.1'),(397,'User Mengakses Halaman http://localhost:8000/1536188460Eventku381957.jpg','2018-09-07 14:53:58',381957,'127.0.0.1'),(398,'User Mengakses Halaman http://localhost:8000/1536248489Eventku.jpg','2018-09-07 14:53:59',381957,'127.0.0.1'),(399,'User Mengakses Halaman http://localhost:8000/1536248463Eventku.jpg','2018-09-07 14:53:59',381957,'127.0.0.1'),(400,'User Mengakses Halaman http://localhost:8000/1536190315Eventku381957.jpg','2018-09-07 14:53:59',381957,'127.0.0.1'),(401,'User Mengakses Halaman http://localhost:8000/1536190145Eventku381957.jpg','2018-09-07 14:53:59',381957,'127.0.0.1'),(402,'User Mengakses Halaman http://localhost:8000/1536190068Eventku381957.jpg','2018-09-07 14:53:59',381957,'127.0.0.1'),(403,'User Mengakses Halaman http://localhost:8000/1536190051Eventku381957.jpg','2018-09-07 14:54:00',381957,'127.0.0.1'),(404,'User Mengakses Halaman http://localhost:8000/1536190033Eventku381957.jpg','2018-09-07 14:54:00',381957,'127.0.0.1'),(405,'User Mengakses Halaman http://localhost:8000/1536190026Eventku381957.jpg','2018-09-07 14:54:00',381957,'127.0.0.1'),(406,'User Mengakses Halaman http://localhost:8000/1536189998Eventku381957.jpg','2018-09-07 14:54:01',381957,'127.0.0.1'),(407,'User Mengakses Halaman http://localhost:8000/1536189943Eventku381957.jpg','2018-09-07 14:54:01',381957,'127.0.0.1'),(408,'User Mengakses Halaman http://localhost:8000/1536188246Eventku381957.jpg','2018-09-07 14:54:21',381957,'127.0.0.1'),(409,'User Mengakses Halaman http://localhost:8000/1536248489Eventku.jpg','2018-09-07 14:54:21',381957,'127.0.0.1'),(410,'User Mengakses Halaman http://localhost:8000/1536248463Eventku.jpg','2018-09-07 14:54:21',381957,'127.0.0.1'),(411,'User Mengakses Halaman http://localhost:8000/1536190315Eventku381957.jpg','2018-09-07 14:54:22',381957,'127.0.0.1'),(412,'User Mengakses Halaman http://localhost:8000/1536190145Eventku381957.jpg','2018-09-07 14:54:22',381957,'127.0.0.1'),(413,'User Mengakses Halaman http://localhost:8000/1536190068Eventku381957.jpg','2018-09-07 14:54:22',381957,'127.0.0.1'),(414,'User Mengakses Halaman http://localhost:8000/1536190051Eventku381957.jpg','2018-09-07 14:54:22',381957,'127.0.0.1'),(415,'User Mengakses Halaman http://localhost:8000/1536188427Eventku381957.jpg','2018-09-07 14:54:23',381957,'127.0.0.1'),(416,'User Mengakses Halaman http://localhost:8000/1536188460Eventku381957.jpg','2018-09-07 14:54:23',381957,'127.0.0.1'),(417,'User Mengakses Halaman http://localhost:8000/1536188450Eventku381957.jpg','2018-09-07 14:54:23',381957,'127.0.0.1'),(418,'User Mengakses Halaman http://localhost:8000/1536188517Eventku381957.jpg','2018-09-07 14:54:24',381957,'127.0.0.1'),(419,'User Mengakses Halaman http://localhost:8000/1536188740Eventku381957.jpg','2018-09-07 14:54:24',381957,'127.0.0.1'),(420,'User Mengakses Halaman http://localhost:8000/1536188700Eventku381957.jpg','2018-09-07 14:54:24',381957,'127.0.0.1'),(421,'User Mengakses Halaman http://localhost:8000/1536190033Eventku381957.jpg','2018-09-07 14:54:24',381957,'127.0.0.1'),(422,'User Mengakses Halaman http://localhost:8000/1536190026Eventku381957.jpg','2018-09-07 14:54:24',381957,'127.0.0.1'),(423,'User Mengakses Halaman http://localhost:8000/1536189998Eventku381957.jpg','2018-09-07 14:54:25',381957,'127.0.0.1'),(424,'User Mengakses Halaman http://localhost:8000/1536189943Eventku381957.jpg','2018-09-07 14:54:25',381957,'127.0.0.1'),(425,'User Mengakses Halaman http://localhost:8000/1536189936Eventku381957.jpg','2018-09-07 14:54:25',381957,'127.0.0.1'),(426,'User Mengakses Halaman http://localhost:8000/1536189901Eventku381957.jpg','2018-09-07 14:54:25',381957,'127.0.0.1'),(427,'User Mengakses Halaman http://localhost:8000/1536189880Eventku381957.jpg','2018-09-07 14:54:26',381957,'127.0.0.1'),(428,'User Mengakses Halaman http://localhost:8000/1536189825Eventku381957.jpg','2018-09-07 14:54:26',381957,'127.0.0.1'),(429,'User Mengakses Halaman http://localhost:8000/1536189806Eventku381957.jpg','2018-09-07 14:54:26',381957,'127.0.0.1'),(430,'User Mengakses Halaman http://localhost:8000/1536188246Eventku381957.jpg','2018-09-07 14:56:47',381957,'127.0.0.1'),(431,'User Mengakses Halaman http://localhost:8000/1536248489Eventku.jpg','2018-09-07 14:56:47',381957,'127.0.0.1'),(432,'User Mengakses Halaman http://localhost:8000/1536248463Eventku.jpg','2018-09-07 14:56:48',381957,'127.0.0.1'),(433,'User Mengakses Halaman http://localhost:8000/1536190315Eventku381957.jpg','2018-09-07 14:56:48',381957,'127.0.0.1'),(434,'User Mengakses Halaman http://localhost:8000/1536190145Eventku381957.jpg','2018-09-07 14:56:48',381957,'127.0.0.1'),(435,'User Mengakses Halaman http://localhost:8000/1536188427Eventku381957.jpg','2018-09-07 14:56:48',381957,'127.0.0.1'),(436,'User Mengakses Halaman http://localhost:8000/1536188450Eventku381957.jpg','2018-09-07 14:56:49',381957,'127.0.0.1'),(437,'User Mengakses Halaman http://localhost:8000/1536188460Eventku381957.jpg','2018-09-07 14:56:49',381957,'127.0.0.1'),(438,'User Mengakses Halaman http://localhost:8000/1536188700Eventku381957.jpg','2018-09-07 14:56:49',381957,'127.0.0.1'),(439,'User Mengakses Halaman http://localhost:8000/1536188517Eventku381957.jpg','2018-09-07 14:56:49',381957,'127.0.0.1'),(440,'User Mengakses Halaman http://localhost:8000/1536188740Eventku381957.jpg','2018-09-07 14:56:50',381957,'127.0.0.1'),(441,'User Mengakses Halaman http://localhost:8000/1536190068Eventku381957.jpg','2018-09-07 14:56:50',381957,'127.0.0.1'),(442,'User Mengakses Halaman http://localhost:8000/1536190051Eventku381957.jpg','2018-09-07 14:56:50',381957,'127.0.0.1'),(443,'User Mengakses Halaman http://localhost:8000/1536190033Eventku381957.jpg','2018-09-07 14:56:50',381957,'127.0.0.1'),(444,'User Mengakses Halaman http://localhost:8000/1536190026Eventku381957.jpg','2018-09-07 14:56:50',381957,'127.0.0.1'),(445,'User Mengakses Halaman http://localhost:8000/1536189998Eventku381957.jpg','2018-09-07 14:56:51',381957,'127.0.0.1'),(446,'User Mengakses Halaman http://localhost:8000/1536189943Eventku381957.jpg','2018-09-07 14:56:51',381957,'127.0.0.1'),(447,'User Mengakses Halaman http://localhost:8000/1536189936Eventku381957.jpg','2018-09-07 14:56:51',381957,'127.0.0.1'),(448,'User Mengakses Halaman http://localhost:8000/1536189901Eventku381957.jpg','2018-09-07 14:56:52',381957,'127.0.0.1'),(449,'User Mengakses Halaman http://localhost:8000/1536188427Eventku381957.jpg','2018-09-07 14:56:52',381957,'127.0.0.1'),(450,'User Mengakses Halaman http://localhost:8000/1536248489Eventku.jpg','2018-09-07 14:56:55',381957,'127.0.0.1'),(451,'User Mengakses Halaman http://localhost:8000/1536188246Eventku381957.jpg','2018-09-07 14:56:55',381957,'127.0.0.1'),(452,'User Mengakses Halaman http://localhost:8000/1536248463Eventku.jpg','2018-09-07 14:56:55',381957,'127.0.0.1'),(453,'User Mengakses Halaman http://localhost:8000/1536188517Eventku381957.jpg','2018-09-07 14:56:55',381957,'127.0.0.1'),(454,'User Mengakses Halaman http://localhost:8000/1536188460Eventku381957.jpg','2018-09-07 14:56:56',381957,'127.0.0.1'),(455,'User Mengakses Halaman http://localhost:8000/1536188450Eventku381957.jpg','2018-09-07 14:56:56',381957,'127.0.0.1'),(456,'User Mengakses Halaman http://localhost:8000/1536188427Eventku381957.jpg','2018-09-07 14:56:56',381957,'127.0.0.1'),(457,'User Mengakses Halaman http://localhost:8000/1536190315Eventku381957.jpg','2018-09-07 14:56:56',381957,'127.0.0.1'),(458,'User Mengakses Halaman http://localhost:8000/1536190145Eventku381957.jpg','2018-09-07 14:56:57',381957,'127.0.0.1'),(459,'User Mengakses Halaman http://localhost:8000/1536190068Eventku381957.jpg','2018-09-07 14:56:57',381957,'127.0.0.1'),(460,'User Mengakses Halaman http://localhost:8000/1536190051Eventku381957.jpg','2018-09-07 14:56:57',381957,'127.0.0.1'),(461,'User Mengakses Halaman http://localhost:8000/1536190033Eventku381957.jpg','2018-09-07 14:56:57',381957,'127.0.0.1'),(462,'User Mengakses Halaman http://localhost:8000/1536190026Eventku381957.jpg','2018-09-07 14:56:58',381957,'127.0.0.1'),(463,'User Mengakses Halaman http://localhost:8000/1536189998Eventku381957.jpg','2018-09-07 14:56:58',381957,'127.0.0.1'),(464,'User Mengakses Halaman http://localhost:8000/1536189943Eventku381957.jpg','2018-09-07 14:56:58',381957,'127.0.0.1'),(465,'User Mengakses Halaman http://localhost:8000/1536189936Eventku381957.jpg','2018-09-07 14:56:58',381957,'127.0.0.1'),(466,'User Mengakses Halaman http://localhost:8000/1536189901Eventku381957.jpg','2018-09-07 14:56:59',381957,'127.0.0.1'),(467,'User Mengakses Halaman http://localhost:8000/1536189880Eventku381957.jpg','2018-09-07 14:56:59',381957,'127.0.0.1'),(468,'User Mengakses Halaman http://localhost:8000/1536189825Eventku381957.jpg','2018-09-07 14:56:59',381957,'127.0.0.1'),(469,'User Mengakses Halaman http://localhost:8000/1536189806Eventku381957.jpg','2018-09-07 14:56:59',381957,'127.0.0.1'),(470,'User Mengakses Halaman http://localhost:8000/1536188246Eventku381957.jpg','2018-09-07 14:57:00',381957,'127.0.0.1'),(471,'User Mengakses Halaman http://localhost:8000/1536248463Eventku.jpg','2018-09-07 14:57:01',381957,'127.0.0.1'),(472,'User Mengakses Halaman http://localhost:8000/1536248489Eventku.jpg','2018-09-07 14:57:01',381957,'127.0.0.1'),(473,'User Mengakses Halaman http://localhost:8000/1536190315Eventku381957.jpg','2018-09-07 14:57:01',381957,'127.0.0.1'),(474,'User Mengakses Halaman http://localhost:8000/1536190145Eventku381957.jpg','2018-09-07 14:57:01',381957,'127.0.0.1'),(475,'User Mengakses Halaman http://localhost:8000/1536190051Eventku381957.jpg','2018-09-07 14:57:01',381957,'127.0.0.1'),(476,'User Mengakses Halaman http://localhost:8000/1536190033Eventku381957.jpg','2018-09-07 14:57:02',381957,'127.0.0.1'),(477,'User Mengakses Halaman http://localhost:8000/1536190026Eventku381957.jpg','2018-09-07 14:57:02',381957,'127.0.0.1'),(478,'User Mengakses Halaman http://localhost:8000/1536189998Eventku381957.jpg','2018-09-07 14:57:02',381957,'127.0.0.1'),(479,'User Mengakses Halaman http://localhost:8000/1536189943Eventku381957.jpg','2018-09-07 14:57:02',381957,'127.0.0.1'),(480,'User Mengakses Halaman http://localhost:8000/1536189936Eventku381957.jpg','2018-09-07 14:57:03',381957,'127.0.0.1'),(481,'User Mengakses Halaman http://localhost:8000/1536189901Eventku381957.jpg','2018-09-07 14:57:03',381957,'127.0.0.1'),(482,'User Mengakses Halaman http://localhost:8000/1536189880Eventku381957.jpg','2018-09-07 14:57:03',381957,'127.0.0.1'),(483,'User Mengakses Halaman http://localhost:8000/1536189825Eventku381957.jpg','2018-09-07 14:57:03',381957,'127.0.0.1'),(484,'User Mengakses Halaman http://localhost:8000/1536189806Eventku381957.jpg','2018-09-07 14:57:03',381957,'127.0.0.1'),(485,'User Mengakses Halaman http://localhost:8000/1536188517Eventku381957.jpg','2018-09-07 14:57:04',381957,'127.0.0.1'),(486,'User Mengakses Halaman http://localhost:8000/1536188460Eventku381957.jpg','2018-09-07 14:57:04',381957,'127.0.0.1'),(487,'User Mengakses Halaman http://localhost:8000/1536188450Eventku381957.jpg','2018-09-07 14:57:04',381957,'127.0.0.1'),(488,'User Mengakses Halaman http://localhost:8000/1536188427Eventku381957.jpg','2018-09-07 14:57:04',381957,'127.0.0.1'),(489,'User Mengakses Halaman http://localhost:8000/1536188246Eventku381957.jpg','2018-09-07 15:15:56',381957,'127.0.0.1'),(490,'User Mengakses Halaman http://localhost:8000/1536248489Eventku.jpg','2018-09-07 15:15:56',381957,'127.0.0.1'),(491,'User Mengakses Halaman http://localhost:8000/1536248463Eventku.jpg','2018-09-07 15:15:56',381957,'127.0.0.1'),(492,'User Mengakses Halaman http://localhost:8000/1536190315Eventku381957.jpg','2018-09-07 15:15:56',381957,'127.0.0.1'),(493,'User Mengakses Halaman http://localhost:8000/1536188450Eventku381957.jpg','2018-09-07 15:15:57',381957,'127.0.0.1'),(494,'User Mengakses Halaman http://localhost:8000/1536188460Eventku381957.jpg','2018-09-07 15:15:57',381957,'127.0.0.1'),(495,'User Mengakses Halaman http://localhost:8000/1536188427Eventku381957.jpg','2018-09-07 15:15:57',381957,'127.0.0.1'),(496,'User Mengakses Halaman http://localhost:8000/1536188740Eventku381957.jpg','2018-09-07 15:15:57',381957,'127.0.0.1'),(497,'User Mengakses Halaman http://localhost:8000/1536188700Eventku381957.jpg','2018-09-07 15:15:58',381957,'127.0.0.1'),(498,'User Mengakses Halaman http://localhost:8000/1536188517Eventku381957.jpg','2018-09-07 15:15:58',381957,'127.0.0.1'),(499,'User Mengakses Halaman http://localhost:8000/1536190145Eventku381957.jpg','2018-09-07 15:15:58',381957,'127.0.0.1'),(500,'User Mengakses Halaman http://localhost:8000/1536188427Eventku381957.jpg','2018-09-07 15:15:59',381957,'127.0.0.1'),(501,'User Mengakses Halaman http://localhost:8000/1536188246Eventku381957.jpg','2018-09-07 15:15:59',381957,'127.0.0.1'),(502,'User Mengakses Halaman http://localhost:8000/1536188427Eventku381957.jpg','2018-09-07 15:16:00',381957,'127.0.0.1'),(503,'User Mengakses Halaman http://localhost:8000/1536188450Eventku381957.jpg','2018-09-07 15:16:00',381957,'127.0.0.1'),(504,'User Mengakses Halaman http://localhost:8000/1536188460Eventku381957.jpg','2018-09-07 15:16:00',381957,'127.0.0.1'),(505,'User Mengakses Halaman http://localhost:8000/1536248489Eventku.jpg','2018-09-07 15:16:00',381957,'127.0.0.1'),(506,'User Mengakses Halaman http://localhost:8000/1536248463Eventku.jpg','2018-09-07 15:16:01',381957,'127.0.0.1'),(507,'User Mengakses Halaman http://localhost:8000/1536190315Eventku381957.jpg','2018-09-07 15:16:01',381957,'127.0.0.1'),(508,'User Mengakses Halaman http://localhost:8000/1536190145Eventku381957.jpg','2018-09-07 15:16:01',381957,'127.0.0.1'),(509,'User Mengakses Halaman http://localhost:8000/1536190068Eventku381957.jpg','2018-09-07 15:16:01',381957,'127.0.0.1'),(510,'User Memasukan Kode Voucher MAKINMURAH | userid = 381957','2018-09-07 15:16:17',NULL,'127.0.0.1'),(511,'User Memasukan Kode Voucher MAKINMURAH | userid = 381957','2018-09-07 15:16:20',NULL,'127.0.0.1'),(512,'User Checkout Transaksi #090108','2018-09-07 15:17:03',381957,'127.0.0.1'),(513,'User Checkout Transaksi #090109','2018-09-07 15:19:02',381957,'127.0.0.1'),(514,'User Checkout Transaksi #090110','2018-09-07 15:19:17',381957,'127.0.0.1'),(515,'User Checkout Transaksi #090111','2018-09-07 15:19:38',381957,'127.0.0.1'),(516,'User Checkout Transaksi #090112','2018-09-07 15:20:17',381957,'127.0.0.1'),(517,'User Checkout Transaksi #090113','2018-09-07 15:20:39',381957,'127.0.0.1'),(518,'User Mengakses Halaman http://localhost:8000/1536188427Eventku381957.jpg','2018-09-07 15:21:51',381957,'127.0.0.1'),(519,'User Mengakses Halaman http://localhost:8000/1536188460Eventku381957.jpg','2018-09-07 15:21:51',381957,'127.0.0.1'),(520,'User Mengakses Halaman http://localhost:8000/1536188450Eventku381957.jpg','2018-09-07 15:21:52',381957,'127.0.0.1'),(521,'User Mengakses Halaman http://localhost:8000/1536188246Eventku381957.jpg','2018-09-07 15:21:52',381957,'127.0.0.1'),(522,'User Mengakses Halaman http://localhost:8000/1536248489Eventku.jpg','2018-09-07 15:21:52',381957,'127.0.0.1'),(523,'User Mengakses Halaman http://localhost:8000/1536248463Eventku.jpg','2018-09-07 15:21:52',381957,'127.0.0.1'),(524,'User Mengakses Halaman http://localhost:8000/1536190315Eventku381957.jpg','2018-09-07 15:21:53',381957,'127.0.0.1'),(525,'User Mengakses Halaman http://localhost:8000/1536190145Eventku381957.jpg','2018-09-07 15:21:53',381957,'127.0.0.1'),(526,'User Mengakses Halaman http://localhost:8000/1536190068Eventku381957.jpg','2018-09-07 15:21:53',381957,'127.0.0.1'),(527,'User Mengakses Halaman http://localhost:8000/1536190051Eventku381957.jpg','2018-09-07 15:21:53',381957,'127.0.0.1'),(528,'User Mengakses Halaman http://localhost:8000/1536190033Eventku381957.jpg','2018-09-07 15:21:54',381957,'127.0.0.1'),(529,'User Mengakses Halaman http://localhost:8000/1536190026Eventku381957.jpg','2018-09-07 15:21:54',381957,'127.0.0.1'),(530,'User Mengakses Halaman http://localhost:8000/1536189998Eventku381957.jpg','2018-09-07 15:21:54',381957,'127.0.0.1'),(531,'User Mengakses Halaman http://localhost:8000/1536189943Eventku381957.jpg','2018-09-07 15:21:54',381957,'127.0.0.1'),(532,'User Mengakses Halaman http://localhost:8000/1536189936Eventku381957.jpg','2018-09-07 15:21:55',381957,'127.0.0.1'),(533,'User Mengakses Halaman http://localhost:8000/1536189901Eventku381957.jpg','2018-09-07 15:21:55',381957,'127.0.0.1'),(534,'User Mengakses Halaman http://localhost:8000/1536189880Eventku381957.jpg','2018-09-07 15:21:55',381957,'127.0.0.1'),(535,'User Mengakses Halaman http://localhost:8000/1536189825Eventku381957.jpg','2018-09-07 15:21:55',381957,'127.0.0.1'),(536,'User Mengakses Halaman http://localhost:8000/1536189806Eventku381957.jpg','2018-09-07 15:21:56',381957,'127.0.0.1'),(537,'User Mengakses Halaman http://localhost:8000/1536188740Eventku381957.jpg','2018-09-07 15:21:56',381957,'127.0.0.1'),(538,'User Mengakses Halaman http://localhost:8000/1536188700Eventku381957.jpg','2018-09-07 15:21:56',381957,'127.0.0.1'),(539,'User Mengakses Halaman http://localhost:8000/1536188517Eventku381957.jpg','2018-09-07 15:21:56',381957,'127.0.0.1'),(540,'User Mengakses Halaman http://localhost:8000/1536188246Eventku381957.jpg','2018-09-07 15:22:06',381957,'127.0.0.1'),(541,'User Mengakses Halaman http://localhost:8000/1536248489Eventku.jpg','2018-09-07 15:22:06',381957,'127.0.0.1'),(542,'User Mengakses Halaman http://localhost:8000/1536248463Eventku.jpg','2018-09-07 15:22:07',381957,'127.0.0.1'),(543,'User Mengakses Halaman http://localhost:8000/1536190315Eventku381957.jpg','2018-09-07 15:22:07',381957,'127.0.0.1'),(544,'User Mengakses Halaman http://localhost:8000/1536190145Eventku381957.jpg','2018-09-07 15:22:07',381957,'127.0.0.1'),(545,'User Mengakses Halaman http://localhost:8000/1536190068Eventku381957.jpg','2018-09-07 15:22:07',381957,'127.0.0.1'),(546,'User Mengakses Halaman http://localhost:8000/1536190051Eventku381957.jpg','2018-09-07 15:22:08',381957,'127.0.0.1'),(547,'User Mengakses Halaman http://localhost:8000/1536190033Eventku381957.jpg','2018-09-07 15:22:08',381957,'127.0.0.1'),(548,'User Mengakses Halaman http://localhost:8000/1536190026Eventku381957.jpg','2018-09-07 15:22:08',381957,'127.0.0.1'),(549,'User Mengakses Halaman http://localhost:8000/1536189998Eventku381957.jpg','2018-09-07 15:22:08',381957,'127.0.0.1'),(550,'User Mengakses Halaman http://localhost:8000/1536189943Eventku381957.jpg','2018-09-07 15:22:09',381957,'127.0.0.1'),(551,'User Mengakses Halaman http://localhost:8000/1536189936Eventku381957.jpg','2018-09-07 15:22:09',381957,'127.0.0.1'),(552,'User Mengakses Halaman http://localhost:8000/1536189901Eventku381957.jpg','2018-09-07 15:22:09',381957,'127.0.0.1'),(553,'User Mengakses Halaman http://localhost:8000/1536189880Eventku381957.jpg','2018-09-07 15:22:09',381957,'127.0.0.1'),(554,'User Mengakses Halaman http://localhost:8000/1536189825Eventku381957.jpg','2018-09-07 15:22:10',381957,'127.0.0.1'),(555,'User Mengakses Halaman http://localhost:8000/1536189806Eventku381957.jpg','2018-09-07 15:22:10',381957,'127.0.0.1'),(556,'User Mengakses Halaman http://localhost:8000/1536188740Eventku381957.jpg','2018-09-07 15:22:10',381957,'127.0.0.1'),(557,'User Mengakses Halaman http://localhost:8000/1536188700Eventku381957.jpg','2018-09-07 15:22:10',381957,'127.0.0.1'),(558,'User Mengakses Halaman http://localhost:8000/1536188517Eventku381957.jpg','2018-09-07 15:22:11',381957,'127.0.0.1'),(559,'User Mengakses Halaman http://localhost:8000/1536188460Eventku381957.jpg','2018-09-07 15:22:11',381957,'127.0.0.1'),(560,'User Mengakses Halaman http://localhost:8000/1536188450Eventku381957.jpg','2018-09-07 15:22:11',381957,'127.0.0.1'),(561,'User Mengakses Halaman http://localhost:8000/1536188427Eventku381957.jpg','2018-09-07 15:22:11',381957,'127.0.0.1'),(562,'User Mengakses Halaman http://localhost:8000/1536188246Eventku381957.jpg','2018-09-07 15:24:51',381957,'127.0.0.1'),(563,'User Mengakses Halaman http://localhost:8000/1536248489Eventku.jpg','2018-09-07 15:24:52',381957,'127.0.0.1'),(564,'User Mengakses Halaman http://localhost:8000/1536248463Eventku.jpg','2018-09-07 15:24:52',381957,'127.0.0.1'),(565,'User Mengakses Halaman http://localhost:8000/1536190315Eventku381957.jpg','2018-09-07 15:24:52',381957,'127.0.0.1'),(566,'User Mengakses Halaman http://localhost:8000/1536190145Eventku381957.jpg','2018-09-07 15:24:52',381957,'127.0.0.1'),(567,'User Mengakses Halaman http://localhost:8000/1536188460Eventku381957.jpg','2018-09-07 15:24:53',381957,'127.0.0.1'),(568,'User Mengakses Halaman http://localhost:8000/1536188427Eventku381957.jpg','2018-09-07 15:24:53',381957,'127.0.0.1'),(569,'User Mengakses Halaman http://localhost:8000/1536188450Eventku381957.jpg','2018-09-07 15:24:53',381957,'127.0.0.1'),(570,'User Mengakses Halaman http://localhost:8000/1536188700Eventku381957.jpg','2018-09-07 15:24:53',381957,'127.0.0.1'),(571,'User Mengakses Halaman http://localhost:8000/1536188740Eventku381957.jpg','2018-09-07 15:24:54',381957,'127.0.0.1'),(572,'User Mengakses Halaman http://localhost:8000/1536188517Eventku381957.jpg','2018-09-07 15:24:54',381957,'127.0.0.1'),(573,'User Mengakses Halaman http://localhost:8000/1536190068Eventku381957.jpg','2018-09-07 15:24:54',381957,'127.0.0.1'),(574,'User Mengakses Halaman http://localhost:8000/1536190051Eventku381957.jpg','2018-09-07 15:24:54',381957,'127.0.0.1'),(575,'User Mengakses Halaman http://localhost:8000/1536190033Eventku381957.jpg','2018-09-07 15:24:55',381957,'127.0.0.1'),(576,'User Mengakses Halaman http://localhost:8000/1536190026Eventku381957.jpg','2018-09-07 15:24:55',381957,'127.0.0.1'),(577,'User Mengakses Halaman http://localhost:8000/1536189998Eventku381957.jpg','2018-09-07 15:24:55',381957,'127.0.0.1'),(578,'User Mengakses Halaman http://localhost:8000/1536189943Eventku381957.jpg','2018-09-07 15:24:55',381957,'127.0.0.1'),(579,'User Mengakses Halaman http://localhost:8000/1536189936Eventku381957.jpg','2018-09-07 15:24:56',381957,'127.0.0.1'),(580,'User Mengakses Halaman http://localhost:8000/1536189901Eventku381957.jpg','2018-09-07 15:24:56',381957,'127.0.0.1'),(581,'User Mengakses Halaman http://localhost:8000/1536189880Eventku381957.jpg','2018-09-07 15:24:56',381957,'127.0.0.1'),(582,'User Mengakses Halaman http://localhost:8000/1536189825Eventku381957.jpg','2018-09-07 15:24:56',381957,'127.0.0.1'),(583,'User Mengakses Halaman http://localhost:8000/1536189806Eventku381957.jpg','2018-09-07 15:24:57',381957,'127.0.0.1'),(584,'User Mengakses Halaman http://localhost:8000/1536188246Eventku381957.jpg','2018-09-07 15:35:42',381957,'127.0.0.1'),(585,'User Mengakses Halaman http://localhost:8000/1536248489Eventku.jpg','2018-09-07 15:35:42',381957,'127.0.0.1'),(586,'User Mengakses Halaman http://localhost:8000/1536248463Eventku.jpg','2018-09-07 15:35:42',381957,'127.0.0.1'),(587,'User Mengakses Halaman http://localhost:8000/1536190315Eventku381957.jpg','2018-09-07 15:35:42',381957,'127.0.0.1'),(588,'User Mengakses Halaman http://localhost:8000/1536190145Eventku381957.jpg','2018-09-07 15:35:43',381957,'127.0.0.1'),(589,'User Mengakses Halaman http://localhost:8000/1536190068Eventku381957.jpg','2018-09-07 15:35:43',381957,'127.0.0.1'),(590,'User Mengakses Halaman http://localhost:8000/1536190051Eventku381957.jpg','2018-09-07 15:35:43',381957,'127.0.0.1'),(591,'User Mengakses Halaman http://localhost:8000/1536190033Eventku381957.jpg','2018-09-07 15:35:43',381957,'127.0.0.1'),(592,'User Mengakses Halaman http://localhost:8000/1536190026Eventku381957.jpg','2018-09-07 15:35:44',381957,'127.0.0.1'),(593,'User Mengakses Halaman http://localhost:8000/1536189998Eventku381957.jpg','2018-09-07 15:35:44',381957,'127.0.0.1'),(594,'User Mengakses Halaman http://localhost:8000/1536189943Eventku381957.jpg','2018-09-07 15:35:44',381957,'127.0.0.1'),(595,'User Mengakses Halaman http://localhost:8000/1536189936Eventku381957.jpg','2018-09-07 15:35:44',381957,'127.0.0.1'),(596,'User Mengakses Halaman http://localhost:8000/1536189901Eventku381957.jpg','2018-09-07 15:35:45',381957,'127.0.0.1'),(597,'User Mengakses Halaman http://localhost:8000/1536189880Eventku381957.jpg','2018-09-07 15:35:45',381957,'127.0.0.1'),(598,'User Mengakses Halaman http://localhost:8000/1536189825Eventku381957.jpg','2018-09-07 15:35:45',381957,'127.0.0.1'),(599,'User Mengakses Halaman http://localhost:8000/1536189806Eventku381957.jpg','2018-09-07 15:35:45',381957,'127.0.0.1'),(600,'User Mengakses Halaman http://localhost:8000/1536188740Eventku381957.jpg','2018-09-07 15:35:46',381957,'127.0.0.1'),(601,'User Mengakses Halaman http://localhost:8000/1536188700Eventku381957.jpg','2018-09-07 15:35:46',381957,'127.0.0.1'),(602,'User Mengakses Halaman http://localhost:8000/1536188517Eventku381957.jpg','2018-09-07 15:35:46',381957,'127.0.0.1'),(603,'User Mengakses Halaman http://localhost:8000/1536188460Eventku381957.jpg','2018-09-07 15:35:46',381957,'127.0.0.1'),(604,'User Mengakses Halaman http://localhost:8000/1536188450Eventku381957.jpg','2018-09-07 15:35:47',381957,'127.0.0.1'),(605,'User Mengakses Halaman http://localhost:8000/1536188427Eventku381957.jpg','2018-09-07 15:35:47',381957,'127.0.0.1'),(606,'User Memasukan Kode Voucher MAKINMURAH | userid = 381957','2018-09-07 16:00:02',NULL,'127.0.0.1'),(607,'User Checkout Transaksi #090114','2018-09-07 16:02:18',381957,'127.0.0.1'),(608,'User Mengubah PersonalDetail 381957 | userid = 381957','2018-09-07 16:02:55',NULL,'127.0.0.1'),(609,'User Mengakses Halaman http://localhost:8000/1536188246Eventku381957.jpg','2018-09-07 16:02:59',381957,'127.0.0.1'),(610,'User Mengakses Halaman http://localhost:8000/1536248489Eventku.jpg','2018-09-07 16:02:59',381957,'127.0.0.1'),(611,'User Mengakses Halaman http://localhost:8000/1536248463Eventku.jpg','2018-09-07 16:02:59',381957,'127.0.0.1'),(612,'User Mengakses Halaman http://localhost:8000/1536190315Eventku381957.jpg','2018-09-07 16:02:59',381957,'127.0.0.1'),(613,'User Mengakses Halaman http://localhost:8000/1536190145Eventku381957.jpg','2018-09-07 16:03:00',381957,'127.0.0.1'),(614,'User Mengakses Halaman http://localhost:8000/1536190068Eventku381957.jpg','2018-09-07 16:03:00',381957,'127.0.0.1'),(615,'User Mengakses Halaman http://localhost:8000/1536190051Eventku381957.jpg','2018-09-07 16:03:00',381957,'127.0.0.1'),(616,'User Mengakses Halaman http://localhost:8000/1536188427Eventku381957.jpg','2018-09-07 16:03:00',381957,'127.0.0.1'),(617,'User Mengakses Halaman http://localhost:8000/1536188450Eventku381957.jpg','2018-09-07 16:03:01',381957,'127.0.0.1'),(618,'User Mengakses Halaman http://localhost:8000/1536188460Eventku381957.jpg','2018-09-07 16:03:01',381957,'127.0.0.1'),(619,'User Mengakses Halaman http://localhost:8000/1536188517Eventku381957.jpg','2018-09-07 16:03:01',381957,'127.0.0.1'),(620,'User Mengakses Halaman http://localhost:8000/1536188700Eventku381957.jpg','2018-09-07 16:03:01',381957,'127.0.0.1'),(621,'User Mengakses Halaman http://localhost:8000/1536188740Eventku381957.jpg','2018-09-07 16:03:01',381957,'127.0.0.1'),(622,'User Mengakses Halaman http://localhost:8000/1536190033Eventku381957.jpg','2018-09-07 16:03:02',381957,'127.0.0.1'),(623,'User Mengakses Halaman http://localhost:8000/1536190026Eventku381957.jpg','2018-09-07 16:03:02',381957,'127.0.0.1'),(624,'User Mengakses Halaman http://localhost:8000/1536189998Eventku381957.jpg','2018-09-07 16:03:02',381957,'127.0.0.1'),(625,'User Mengakses Halaman http://localhost:8000/1536189943Eventku381957.jpg','2018-09-07 16:03:02',381957,'127.0.0.1'),(626,'User Mengakses Halaman http://localhost:8000/1536189936Eventku381957.jpg','2018-09-07 16:03:03',381957,'127.0.0.1'),(627,'User Mengakses Halaman http://localhost:8000/1536189901Eventku381957.jpg','2018-09-07 16:03:03',381957,'127.0.0.1'),(628,'User Mengakses Halaman http://localhost:8000/1536189880Eventku381957.jpg','2018-09-07 16:03:03',381957,'127.0.0.1'),(629,'User Mengakses Halaman http://localhost:8000/1536189825Eventku381957.jpg','2018-09-07 16:03:04',381957,'127.0.0.1'),(630,'User Mengakses Halaman http://localhost:8000/1536189806Eventku381957.jpg','2018-09-07 16:03:04',381957,'127.0.0.1'),(631,'User Checkout Transaksi #090115','2018-09-07 16:14:42',381957,'127.0.0.1'),(632,'User Mengubah PersonalDetail 381957 | userid = 381957','2018-09-07 16:15:03',NULL,'127.0.0.1'),(633,'User Mengakses Halaman http://localhost:8000/1536188246Eventku381957.jpg','2018-09-07 16:15:05',381957,'127.0.0.1'),(634,'User Mengakses Halaman http://localhost:8000/1536248489Eventku.jpg','2018-09-07 16:15:06',381957,'127.0.0.1'),(635,'User Mengakses Halaman http://localhost:8000/1536248463Eventku.jpg','2018-09-07 16:15:06',381957,'127.0.0.1'),(636,'User Mengakses Halaman http://localhost:8000/1536190315Eventku381957.jpg','2018-09-07 16:15:06',381957,'127.0.0.1'),(637,'User Mengakses Halaman http://localhost:8000/1536190145Eventku381957.jpg','2018-09-07 16:15:06',381957,'127.0.0.1'),(638,'User Mengakses Halaman http://localhost:8000/1536190068Eventku381957.jpg','2018-09-07 16:15:07',381957,'127.0.0.1'),(639,'User Mengakses Halaman http://localhost:8000/1536190051Eventku381957.jpg','2018-09-07 16:15:07',381957,'127.0.0.1'),(640,'User Mengakses Halaman http://localhost:8000/1536188427Eventku381957.jpg','2018-09-07 16:15:07',381957,'127.0.0.1'),(641,'User Mengakses Halaman http://localhost:8000/1536188460Eventku381957.jpg','2018-09-07 16:15:07',381957,'127.0.0.1'),(642,'User Mengakses Halaman http://localhost:8000/1536188450Eventku381957.jpg','2018-09-07 16:15:08',381957,'127.0.0.1'),(643,'User Mengakses Halaman http://localhost:8000/1536190033Eventku381957.jpg','2018-09-07 16:15:08',381957,'127.0.0.1'),(644,'User Mengakses Halaman http://localhost:8000/1536190026Eventku381957.jpg','2018-09-07 16:15:09',381957,'127.0.0.1'),(645,'User Mengakses Halaman http://localhost:8000/1536189998Eventku381957.jpg','2018-09-07 16:15:09',381957,'127.0.0.1'),(646,'User Mengakses Halaman http://localhost:8000/1536189943Eventku381957.jpg','2018-09-07 16:15:09',381957,'127.0.0.1'),(647,'User Checkout Transaksi #090116','2018-09-07 16:15:38',381957,'127.0.0.1'),(648,'User Checkout Transaksi #090117','2018-09-07 16:16:17',381957,'127.0.0.1'),(649,'User Checkout Transaksi #090118','2018-09-07 16:16:43',381957,'127.0.0.1'),(650,'User Checkout Transaksi #090119','2018-09-07 16:20:24',381957,'127.0.0.1'),(651,'User Mengakses Halaman http://localhost:8000/1536248463Eventku.jpg','2018-09-07 16:21:14',381957,'127.0.0.1'),(652,'User Mengakses Halaman http://localhost:8000/1536188246Eventku381957.jpg','2018-09-07 16:21:14',381957,'127.0.0.1'),(653,'User Mengakses Halaman http://localhost:8000/1536248489Eventku.jpg','2018-09-07 16:21:14',381957,'127.0.0.1'),(654,'User Mengakses Halaman http://localhost:8000/1536190315Eventku381957.jpg','2018-09-07 16:21:14',381957,'127.0.0.1'),(655,'User Mengakses Halaman http://localhost:8000/1536190145Eventku381957.jpg','2018-09-07 16:21:15',381957,'127.0.0.1'),(656,'User Mengakses Halaman http://localhost:8000/1536188460Eventku381957.jpg','2018-09-07 16:21:15',381957,'127.0.0.1'),(657,'User Mengakses Halaman http://localhost:8000/1536188427Eventku381957.jpg','2018-09-07 16:21:15',381957,'127.0.0.1'),(658,'User Mengakses Halaman http://localhost:8000/1536188450Eventku381957.jpg','2018-09-07 16:21:16',381957,'127.0.0.1'),(659,'User Mengakses Halaman http://localhost:8000/1536190068Eventku381957.jpg','2018-09-07 16:21:16',381957,'127.0.0.1'),(660,'User Mengakses Halaman http://localhost:8000/1536190051Eventku381957.jpg','2018-09-07 16:21:16',381957,'127.0.0.1'),(661,'User Mengakses Halaman http://localhost:8000/1536188246Eventku381957.jpg','2018-09-07 16:25:45',381957,'127.0.0.1'),(662,'User Mengakses Halaman http://localhost:8000/1536248489Eventku.jpg','2018-09-07 16:25:46',381957,'127.0.0.1'),(663,'User Mengakses Halaman http://localhost:8000/1536248463Eventku.jpg','2018-09-07 16:25:46',381957,'127.0.0.1'),(664,'User Mengakses Halaman http://localhost:8000/1536190315Eventku381957.jpg','2018-09-07 16:25:46',381957,'127.0.0.1'),(665,'User Mengakses Halaman http://localhost:8000/1536188517Eventku381957.jpg','2018-09-07 16:25:46',381957,'127.0.0.1'),(666,'User Mengakses Halaman http://localhost:8000/1536188450Eventku381957.jpg','2018-09-07 16:25:47',381957,'127.0.0.1'),(667,'User Mengakses Halaman http://localhost:8000/1536188460Eventku381957.jpg','2018-09-07 16:25:47',381957,'127.0.0.1'),(668,'User Mengakses Halaman http://localhost:8000/1536188427Eventku381957.jpg','2018-09-07 16:25:47',381957,'127.0.0.1'),(669,'User Mengakses Halaman http://localhost:8000/1536188740Eventku381957.jpg','2018-09-07 16:25:48',381957,'127.0.0.1'),(670,'User Mengakses Halaman http://localhost:8000/1536188246Eventku381957.jpg','2018-09-07 16:27:59',381957,'127.0.0.1'),(671,'User Mengakses Halaman http://localhost:8000/1536248489Eventku.jpg','2018-09-07 16:27:59',381957,'127.0.0.1'),(672,'User Mengakses Halaman http://localhost:8000/1536248463Eventku.jpg','2018-09-07 16:27:59',381957,'127.0.0.1'),(673,'User Mengakses Halaman http://localhost:8000/1536190315Eventku381957.jpg','2018-09-07 16:28:00',381957,'127.0.0.1'),(674,'User Mengakses Halaman http://localhost:8000/1536188460Eventku381957.jpg','2018-09-07 16:28:00',381957,'127.0.0.1'),(675,'User Mengakses Halaman http://localhost:8000/1536188427Eventku381957.jpg','2018-09-07 16:28:00',381957,'127.0.0.1'),(676,'User Mengakses Halaman http://localhost:8000/1536188450Eventku381957.jpg','2018-09-07 16:28:01',381957,'127.0.0.1'),(677,'User Mengakses Halaman http://localhost:8000/1536188246Eventku381957.jpg','2018-09-07 16:34:27',381957,'127.0.0.1'),(678,'User Mengakses Halaman http://localhost:8000/1536248489Eventku.jpg','2018-09-07 16:34:28',381957,'127.0.0.1'),(679,'User Mengakses Halaman http://localhost:8000/1536248463Eventku.jpg','2018-09-07 16:34:28',381957,'127.0.0.1'),(680,'User Mengakses Halaman http://localhost:8000/1536190315Eventku381957.jpg','2018-09-07 16:34:28',381957,'127.0.0.1'),(681,'User Mengakses Halaman http://localhost:8000/1536190145Eventku381957.jpg','2018-09-07 16:34:28',381957,'127.0.0.1'),(682,'User Mengakses Halaman http://localhost:8000/1536190068Eventku381957.jpg','2018-09-07 16:34:29',381957,'127.0.0.1'),(683,'User Mengakses Halaman http://localhost:8000/1536190051Eventku381957.jpg','2018-09-07 16:34:29',381957,'127.0.0.1'),(684,'User Mengakses Halaman http://localhost:8000/1536188427Eventku381957.jpg','2018-09-07 16:34:29',381957,'127.0.0.1'),(685,'User Mengakses Halaman http://localhost:8000/1536188460Eventku381957.jpg','2018-09-07 16:34:29',381957,'127.0.0.1'),(686,'User Mengakses Halaman http://localhost:8000/1536188450Eventku381957.jpg','2018-09-07 16:34:30',381957,'127.0.0.1'),(687,'User Mengakses Halaman http://localhost:8000/1536188740Eventku381957.jpg','2018-09-07 16:34:30',381957,'127.0.0.1'),(688,'User Mengakses Halaman http://localhost:8000/1536188517Eventku381957.jpg','2018-09-07 16:34:30',381957,'127.0.0.1'),(689,'User Mengakses Halaman http://localhost:8000/1536188700Eventku381957.jpg','2018-09-07 16:34:30',381957,'127.0.0.1'),(690,'User Mengakses Halaman http://localhost:8000/1536190033Eventku381957.jpg','2018-09-07 16:34:30',381957,'127.0.0.1'),(691,'User Mengakses Halaman http://localhost:8000/1536190026Eventku381957.jpg','2018-09-07 16:34:31',381957,'127.0.0.1'),(692,'User Mengakses Halaman http://localhost:8000/1536189998Eventku381957.jpg','2018-09-07 16:34:31',381957,'127.0.0.1'),(693,'User Mengakses Halaman http://localhost:8000/1536189943Eventku381957.jpg','2018-09-07 16:34:31',381957,'127.0.0.1'),(694,'User Mengakses Halaman http://localhost:8000/1536189936Eventku381957.jpg','2018-09-07 16:34:31',381957,'127.0.0.1'),(695,'User Mengakses Halaman http://localhost:8000/1536189901Eventku381957.jpg','2018-09-07 16:34:32',381957,'127.0.0.1'),(696,'User Mengakses Halaman http://localhost:8000/1536189880Eventku381957.jpg','2018-09-07 16:34:32',381957,'127.0.0.1'),(697,'User Mengakses Halaman http://localhost:8000/1536189825Eventku381957.jpg','2018-09-07 16:34:32',381957,'127.0.0.1'),(698,'User Mengakses Halaman http://localhost:8000/1536189806Eventku381957.jpg','2018-09-07 16:34:32',381957,'127.0.0.1'),(699,'User Mengakses Halaman http://localhost:8000/admin','2018-09-07 16:34:53',381957,'127.0.0.1'),(700,'User Mengakses Halaman http://localhost:8000/1536322307Event%201381957.jpg','2018-09-07 19:13:30',381957,'127.0.0.1'),(701,'User Mengakses Halaman http://localhost:8000/1536322338Event%201381957.jpg','2018-09-07 19:13:30',381957,'127.0.0.1'),(702,'User Mengakses Halaman http://localhost:8000/1536321788S381957.jpg','2018-09-07 19:13:30',381957,'127.0.0.1'),(703,'User Mengakses Halaman http://localhost:8000/1536322658Secret%20Zoo%20Adventure%20Run381957.jpg','2018-09-07 19:18:07',381957,'127.0.0.1'),(704,'User Mengakses Halaman http://localhost:8000/1536322338Event%201381957.jpg','2018-09-07 19:18:08',381957,'127.0.0.1'),(705,'User Mengakses Halaman http://localhost:8000/1536322307Event%201381957.jpg','2018-09-07 19:18:08',381957,'127.0.0.1'),(706,'User Mengakses Halaman http://localhost:8000/1536321788S381957.jpg','2018-09-07 19:18:08',381957,'127.0.0.1'),(707,'User Mengakses Halaman http://localhost:8000/77460fb2fb877a74792d05e9e8183400.jpg','2018-09-07 19:21:07',381957,'127.0.0.1'),(708,'User Mengakses Halaman http://localhost:8000/77460fb2fb877a74792d05e9e8183400.jpg','2018-09-07 19:22:48',381957,'127.0.0.1'),(709,'User Mengakses Halaman http://localhost:8000/77460fb2fb877a74792d05e9e8183400.jpg','2018-09-07 19:22:54',381957,'127.0.0.1'),(710,'User Mengakses Halaman http://localhost:8000/77460fb2fb877a74792d05e9e8183400.jpg','2018-09-07 19:23:26',381957,'127.0.0.1'),(711,'User Mengakses Halaman http://localhost:8000/77460fb2fb877a74792d05e9e8183400.jpg','2018-09-07 19:23:40',381957,'127.0.0.1'),(712,'User Mengakses Halaman http://localhost:8000/77460fb2fb877a74792d05e9e8183400.jpg','2018-09-07 19:23:44',381957,'127.0.0.1'),(713,'User Mengakses Halaman http://localhost:8000/77460fb2fb877a74792d05e9e8183400.jpg','2018-09-07 19:24:32',381957,'127.0.0.1'),(714,'User Mengakses Halaman http://localhost:8000/77460fb2fb877a74792d05e9e8183400.jpg','2018-09-07 19:24:34',381957,'127.0.0.1'),(715,'User Mengakses Halaman http://localhost:8000/77460fb2fb877a74792d05e9e8183400.jpg','2018-09-07 19:28:17',381957,'127.0.0.1'),(716,'User Mengakses Halaman http://localhost:8000/77460fb2fb877a74792d05e9e8183400.jpg','2018-09-07 19:28:19',381957,'127.0.0.1'),(717,'User Mengakses Halaman http://localhost:8000/77460fb2fb877a74792d05e9e8183400.jpg','2018-09-07 19:30:10',381957,'127.0.0.1'),(718,'User Mengakses Halaman http://localhost:8000/77460fb2fb877a74792d05e9e8183400.jpg','2018-09-07 19:30:12',381957,'127.0.0.1'),(719,'User Mengakses Halaman http://localhost:8000/77460fb2fb877a74792d05e9e8183400.jpg','2018-09-07 19:30:20',381957,'127.0.0.1'),(720,'User Mengakses Halaman http://localhost:8000/77460fb2fb877a74792d05e9e8183400.jpg','2018-09-07 19:31:08',381957,'127.0.0.1'),(721,'User Mengakses Halaman http://localhost:8000/77460fb2fb877a74792d05e9e8183400.jpg','2018-09-07 19:31:17',381957,'127.0.0.1'),(722,'User Mengakses Halaman http://localhost:8000/77460fb2fb877a74792d05e9e8183400.jpg','2018-09-07 19:34:21',381957,'127.0.0.1'),(723,'User Mengakses Halaman http://localhost:8000/77460fb2fb877a74792d05e9e8183400.jpg','2018-09-07 19:37:25',381957,'127.0.0.1'),(724,'User Mengakses Halaman http://localhost:8000/77460fb2fb877a74792d05e9e8183400.jpg','2018-09-07 19:43:52',381957,'127.0.0.1'),(725,'User Mengakses Halaman http://localhost:8000/77460fb2fb877a74792d05e9e8183400.jpg','2018-09-07 19:44:23',381957,'127.0.0.1'),(726,'User Mengakses Halaman http://localhost:8000/77460fb2fb877a74792d05e9e8183400.jpg','2018-09-07 19:44:43',381957,'127.0.0.1'),(727,'User Mengakses Halaman http://localhost:8000/77460fb2fb877a74792d05e9e8183400.jpg','2018-09-07 19:45:09',381957,'127.0.0.1'),(728,'User Mengakses Halaman http://localhost:8000/77460fb2fb877a74792d05e9e8183400.jpg','2018-09-07 19:45:38',381957,'127.0.0.1'),(729,'User Mengakses Halaman http://localhost:8000/77460fb2fb877a74792d05e9e8183400.jpg','2018-09-07 19:46:02',381957,'127.0.0.1'),(730,'User Mengakses Halaman http://localhost:8000/77460fb2fb877a74792d05e9e8183400.jpg','2018-09-07 19:46:18',381957,'127.0.0.1'),(731,'User Mengakses Halaman http://localhost:8000/77460fb2fb877a74792d05e9e8183400.jpg','2018-09-07 19:47:13',381957,'127.0.0.1'),(732,'User Mengakses Halaman http://localhost:8000/77460fb2fb877a74792d05e9e8183400.jpg','2018-09-07 19:47:15',381957,'127.0.0.1'),(733,'User Mengakses Halaman http://localhost:8000/77460fb2fb877a74792d05e9e8183400.jpg','2018-09-07 19:47:21',381957,'127.0.0.1'),(734,'User Mengakses Halaman http://localhost:8000/77460fb2fb877a74792d05e9e8183400.jpg','2018-09-07 19:48:14',381957,'127.0.0.1'),(735,'User Mengakses Halaman http://localhost:8000/77460fb2fb877a74792d05e9e8183400.jpg','2018-09-07 19:48:19',381957,'127.0.0.1'),(736,'User Mengakses Halaman http://localhost:8000/77460fb2fb877a74792d05e9e8183400.jpg','2018-09-07 19:50:11',381957,'127.0.0.1'),(737,'User Mengakses Halaman http://localhost:8000/77460fb2fb877a74792d05e9e8183400.jpg','2018-09-07 19:52:41',381957,'127.0.0.1'),(738,'User Mengakses Halaman http://localhost:8000/77460fb2fb877a74792d05e9e8183400.jpg','2018-09-07 19:57:37',381957,'127.0.0.1'),(739,'User Mengakses Halaman http://localhost:8000/77460fb2fb877a74792d05e9e8183400.jpg','2018-09-07 19:57:39',381957,'127.0.0.1'),(740,'User Mengakses Halaman http://localhost:8000/77460fb2fb877a74792d05e9e8183400.jpg','2018-09-07 20:08:54',381957,'127.0.0.1'),(741,'User Mengakses Halaman http://localhost:8000/77460fb2fb877a74792d05e9e8183400.jpg','2018-09-07 20:09:41',381957,'127.0.0.1'),(742,'User Mengakses Halaman http://localhost:8000/77460fb2fb877a74792d05e9e8183400.jpg','2018-09-07 20:09:48',381957,'127.0.0.1'),(743,'User Mengakses Halaman http://localhost:8000/77460fb2fb877a74792d05e9e8183400.jpg','2018-09-07 20:09:54',381957,'127.0.0.1'),(744,'User Mengakses Halaman http://localhost:8000/77460fb2fb877a74792d05e9e8183400.jpg','2018-09-07 20:10:59',381957,'127.0.0.1'),(745,'User Mengakses Halaman http://localhost:8000/77460fb2fb877a74792d05e9e8183400.jpg','2018-09-07 20:11:11',381957,'127.0.0.1'),(746,'User Mengakses Halaman http://localhost:8000/77460fb2fb877a74792d05e9e8183400.jpg','2018-09-07 20:11:33',381957,'127.0.0.1'),(747,'User Mengubah PersonalDetail 381957 | userid = 381957','2018-09-07 20:17:36',NULL,'127.0.0.1'),(748,'User Mengakses Halaman http://localhost:8000/77460fb2fb877a74792d05e9e8183400.jpg','2018-09-07 20:17:42',381957,'127.0.0.1'),(749,'User Mengakses Halaman http://localhost:8000/77460fb2fb877a74792d05e9e8183400.jpg','2018-09-07 20:20:48',381957,'127.0.0.1'),(750,'User Mengakses Halaman http://localhost:8000/77460fb2fb877a74792d05e9e8183400.jpg','2018-09-07 20:20:57',381957,'127.0.0.1'),(751,'User Mengakses Halaman http://localhost:8000/77460fb2fb877a74792d05e9e8183400.jpg','2018-09-07 20:21:06',381957,'127.0.0.1'),(752,'User Mengakses Halaman http://localhost:8000/77460fb2fb877a74792d05e9e8183400.jpg','2018-09-07 20:21:39',381957,'127.0.0.1'),(753,'User Mengakses Halaman http://localhost:8000/77460fb2fb877a74792d05e9e8183400.jpg','2018-09-07 20:21:40',381957,'127.0.0.1'),(754,'User Mengakses Halaman http://localhost:8000/77460fb2fb877a74792d05e9e8183400.jpg','2018-09-07 20:21:51',381957,'127.0.0.1'),(755,'User Mengubah PersonalDetail 381957 | userid = 381957','2018-09-07 20:24:53',NULL,'127.0.0.1'),(756,'User Mengakses Halaman http://localhost:8000/77460fb2fb877a74792d05e9e8183400.jpg','2018-09-07 20:24:59',381957,'127.0.0.1'),(757,'User Mengakses Halaman http://localhost:8000/77460fb2fb877a74792d05e9e8183400.jpg','2018-09-07 20:28:20',381957,'127.0.0.1'),(758,'User Mengubah PersonalDetail 381957 | userid = 381957','2018-09-07 20:28:53',NULL,'127.0.0.1'),(759,'User Mengakses Halaman http://localhost:8000/77460fb2fb877a74792d05e9e8183400.jpg','2018-09-07 20:28:59',381957,'127.0.0.1'),(760,'User Mengakses Halaman http://localhost:8000/77460fb2fb877a74792d05e9e8183400.jpg','2018-09-07 20:29:07',381957,'127.0.0.1'),(761,'User Mengakses Halaman http://localhost:8000/77460fb2fb877a74792d05e9e8183400.jpg','2018-09-07 21:04:06',381957,'127.0.0.1'),(762,'User Mengakses Halaman http://localhost:8000/adminmember','2018-09-07 22:12:44',381957,'127.0.0.1'),(763,'User Mengakses Halaman http://localhost:8000/919a897c4c2fca57554082404f94ffe3.jpg','2018-09-08 00:23:49',381957,'127.0.0.1'),(764,'User Mengakses Halaman http://localhost:8000/4b69c80c8fb94fe15229f2e2aa142391.jpg','2018-09-08 00:23:58',381957,'127.0.0.1'),(765,'User Mengakses Halaman http://localhost:8000/679719044f15f2bf1b23312f50bd725b.jpg','2018-09-08 00:24:33',381957,'127.0.0.1'),(766,'User Mengakses Halaman http://localhost:8000/77460fb2fb877a74792d05e9e8183400.jpg','2018-09-08 00:25:32',381957,'127.0.0.1'),(767,'User Mengakses Halaman http://localhost:8000/919a897c4c2fca57554082404f94ffe3.jpg','2018-09-08 00:25:49',381957,'127.0.0.1'),(768,'User Mengakses Halaman http://localhost:8000/4b69c80c8fb94fe15229f2e2aa142391.jpg','2018-09-08 00:25:53',381957,'127.0.0.1'),(769,'User Mengakses Halaman http://localhost:8000/679719044f15f2bf1b23312f50bd725b.jpg','2018-09-08 00:25:59',381957,'127.0.0.1'),(770,'User Mengakses Halaman http://localhost:8000/4b69c80c8fb94fe15229f2e2aa142391.jpg','2018-09-08 00:26:03',381957,'127.0.0.1'),(771,'User Mengakses Halaman http://localhost:8000/919a897c4c2fca57554082404f94ffe3.jpg','2018-09-08 00:27:22',381957,'127.0.0.1'),(772,'User Checkout Transaksi #090120','2018-09-08 00:29:10',381957,'127.0.0.1'),(773,'User Mengakses Halaman http://localhost:8000/919a897c4c2fca57554082404f94ffe3.jpg','2018-09-08 00:39:01',381957,'127.0.0.1'),(774,'User Mengakses Halaman http://localhost:8000/919a897c4c2fca57554082404f94ffe3.jpg','2018-09-08 00:39:30',381957,'127.0.0.1'),(775,'User Mengakses Halaman http://localhost:8000/919a897c4c2fca57554082404f94ffe3.jpg','2018-09-08 00:39:46',381957,'127.0.0.1'),(776,'User Mengakses Halaman http://localhost:8000/919a897c4c2fca57554082404f94ffe3.jpg','2018-09-08 00:40:18',381957,'127.0.0.1'),(777,'User Checkout Transaksi #090121','2018-09-08 00:42:23',381957,'127.0.0.1'),(778,'User Register620102 | OK |','2018-09-08 13:32:34',NULL,'127.0.0.1'),(779,'User Mengakses Halaman http://localhost:8000/f005339d8b7e2e84f7523f8f09d396eb.jpg','2018-09-08 13:42:32',620102,'127.0.0.1'),(780,'User Mengakses Halaman http://localhost:8000/f005339d8b7e2e84f7523f8f09d396eb.jpg','2018-09-08 13:45:36',620102,'127.0.0.1'),(781,'User Mengakses Halaman http://localhost:8000/f005339d8b7e2e84f7523f8f09d396eb.jpg','2018-09-08 13:46:45',620102,'127.0.0.1'),(782,'User Mengakses Halaman http://localhost:8000/f005339d8b7e2e84f7523f8f09d396eb.jpg','2018-09-08 13:49:39',620102,'127.0.0.1'),(783,'User Mengakses Halaman http://localhost:8000/f005339d8b7e2e84f7523f8f09d396eb.jpg','2018-09-08 13:50:19',620102,'127.0.0.1'),(784,'User Mengakses Halaman http://localhost:8000/eventf005339d8b7e2e84f7523f8f09d396eb.jpg','2018-09-08 13:51:06',620102,'127.0.0.1'),(785,'User Checkout Transaksi #090001','2018-09-08 14:02:05',620102,'127.0.0.1'),(786,'User Checkout Transaksi #090002','2018-09-08 14:12:27',620102,'127.0.0.1'),(787,'User Mengubah PersonalDetail 620102 | userid = 620102','2018-09-08 14:23:30',NULL,'127.0.0.1'),(788,'User Checkout Transaksi #090003','2018-09-08 14:49:19',620102,'127.0.0.1'),(789,'User Checkout Transaksi #090004','2018-09-08 14:50:23',620102,'127.0.0.1'),(790,'User Checkout Transaksi #090005','2018-09-08 08:06:52',879738,'172.68.146.21'),(791,'User Tidak Bisa Login | Tidak Ada Akun | IP =162.158.165.71','2018-09-08 08:13:21',NULL,'162.158.165.71'),(792,'User Tidak Bisa Login | Tidak Ada Akun | IP =172.68.146.81','2018-09-08 08:13:29',NULL,'172.68.146.81'),(793,'User Tidak Bisa Login | Tidak Ada Akun | IP =172.69.134.244','2018-09-08 08:13:38',NULL,'172.69.134.244'),(794,'User Tidak Bisa Login | Tidak Ada Akun | IP =172.69.134.16','2018-09-08 08:14:54',NULL,'172.69.134.16'),(795,'User Checkout Transaksi #090006','2018-09-08 08:44:49',879738,'172.68.144.26'),(796,'User Register232857 | OK |','2018-09-08 08:56:22',NULL,'162.158.167.43'),(797,'User Register677663 | OK |','2018-09-08 12:09:48',NULL,'172.69.134.160'),(798,'User Register221154 | OK |','2018-09-08 12:46:57',NULL,'172.68.144.110'),(799,'User Mengubah PersonalDetail 597036 | userid = 597036','2018-09-09 00:11:43',NULL,'172.69.134.160'),(800,'User Mengakses Halaman http://booking.tripleasport.com/buy','2018-09-09 00:13:31',597036,'172.68.146.81'),(801,'User Register521331 | OK |','2018-09-09 00:16:39',NULL,'172.69.134.88'),(802,'User Mengubah PersonalDetail 521331 | userid = 521331','2018-09-09 00:29:09',NULL,'172.68.146.81'),(803,'User Checkout Transaksi #090007','2018-09-09 00:42:57',521331,'172.69.134.16'),(804,'User Mengubah PersonalDetail 521331 | userid = 521331','2018-09-09 01:13:49',NULL,'172.68.146.249'),(805,'User Checkout Transaksi #090008','2018-09-09 06:33:01',597036,'172.68.146.9'),(806,'User Checkout Transaksi #090009','2018-09-09 07:01:10',597036,'172.69.134.154'),(807,'User Checkout Transaksi #090010','2018-09-09 07:38:59',167215,'162.158.166.6'),(808,'User Membuka Invoice Lain URL=http://testing.tripleasport.com/trx/090007','2018-09-09 07:59:51',597036,'172.69.134.154'),(809,'User Membuka Invoice Lain URL=http://testing.tripleasport.com/trx/090008','2018-09-09 08:28:09',NULL,'162.158.166.66'),(810,'User Mengubah PersonalDetail 597036 | userid = 597036','2018-09-09 08:41:56',NULL,'162.158.167.163'),(811,'User Mengubah PersonalDetail 597036 | userid = 597036','2018-09-09 08:43:33',NULL,'172.69.134.154'),(812,'User Mengubah PersonalDetail 597036 | userid = 597036','2018-09-09 08:46:28',NULL,'162.158.167.163'),(813,'User Mengubah PersonalDetail 597036 | userid = 597036','2018-09-09 08:46:52',NULL,'162.158.167.163'),(814,'User Mengubah PersonalDetail 167215 | userid = 167215','2018-09-09 09:10:07',NULL,'162.158.165.23'),(815,'User Mengubah PersonalDetail 167215 | userid = 167215','2018-09-09 09:10:16',NULL,'172.68.146.147'),(816,'User Mengubah PersonalDetail 167215 | userid = 167215','2018-09-09 09:10:21',NULL,'172.69.134.154'),(817,'User Mengubah PersonalDetail 167215 | userid = 167215','2018-09-09 09:12:09',NULL,'172.68.146.9'),(818,'User Mengubah PersonalDetail 167215 | userid = 167215','2018-09-09 09:12:23',NULL,'162.158.166.6'),(819,'User Mengubah PersonalDetail 167215 | userid = 167215','2018-09-09 09:12:51',NULL,'172.68.144.152'),(820,'User Mengubah PersonalDetail 167215 | userid = 167215','2018-09-09 09:13:29',NULL,'162.158.167.163'),(821,'User Mengubah PersonalDetail 167215 | userid = 167215','2018-09-09 09:13:34',NULL,'172.69.134.154'),(822,'User Mengubah PersonalDetail 167215 | userid = 167215','2018-09-09 09:14:16',NULL,'162.158.167.7'),(823,'User Mengubah PersonalDetail 597036 | userid = 597036','2018-09-09 12:18:00',NULL,'172.69.134.154'),(824,'User Mengakses Halaman http://testing.tripleasport.com/.env','2018-09-09 12:23:18',879738,'162.158.167.163'),(825,'User Mengubah PersonalDetail 597036 | userid = 597036','2018-09-09 12:53:10',NULL,'162.158.167.163'),(826,'User Mengubah PersonalDetail 597036 | userid = 597036','2018-09-09 12:55:54',NULL,'162.158.166.6'),(827,'User Checkout Transaksi #090011','2018-09-09 13:37:37',597036,'172.68.144.152'),(828,'User Checkout Transaksi #090012','2018-09-09 14:11:18',597036,'162.158.166.6'),(829,'Kirim Invoice Lunas ke  idhenz@gmail.com | kode = 090012','2018-09-09 17:10:43',NULL,'162.158.166.66'),(830,'Kirim Invoice Lunas ke  idhenz@gmail.com | kode = 090012','2018-09-09 17:17:43',NULL,'172.68.144.152'),(831,'User Mengakses Halaman http://testing.tripleasport.com/tetttt','2018-09-09 17:54:23',167215,'172.69.134.154'),(832,'User Mengakses Halaman http://testing.tripleasport.com/tetttt','2018-09-09 17:54:30',167215,'172.69.134.154'),(833,'User Checkout Transaksi #090001','2018-09-09 18:08:17',597036,'172.69.134.196'),(834,'Kirim Invoice Lunas ke  idhenz@gmail.com | kode = 090001','2018-09-09 18:14:46',NULL,'172.69.134.196'),(835,'Kirim Invoice Lunas ke  idhenz@gmail.com | kode = 090001','2018-09-09 18:22:02',NULL,'172.69.134.16'),(836,'Kirim Invoice Lunas ke  idhenz@gmail.com | kode = 090001','2018-09-09 18:25:03',NULL,'172.68.146.249'),(837,'User Membuka Invoice Lain','2018-09-09 18:26:43',NULL,'162.158.166.234'),(838,'User Membuka Invoice Lain','2018-09-09 18:26:51',NULL,'172.69.134.154'),(839,'User Mengakses Halaman http://booking.tripleasport.com/invoice','2018-09-09 18:34:44',597036,'172.68.146.21'),(840,'User Mengakses Halaman http://booking.tripleasport.com/phpmyadmin','2018-09-09 18:50:17',597036,'162.158.167.43'),(841,'User Mengakses Halaman http://booking.tripleasport.com/x','2018-09-09 18:50:20',597036,'162.158.167.43'),(842,'User Tidak Bisa Login | Tidak Ada Akun | IP =172.69.134.160','2018-09-09 23:09:22',NULL,'172.69.134.160'),(843,'User Register733930 | OK |','2018-09-09 23:51:50',NULL,'162.158.167.43'),(844,'User Checkout Transaksi #090001','2018-09-10 00:13:43',733930,'172.68.146.21'),(845,'User Register812877 | OK |','2018-09-10 00:18:08',NULL,'172.68.146.87'),(846,'User Checkout Transaksi #090002','2018-09-10 00:35:00',812877,'162.158.165.77'),(847,'User Tidak Bisa Login | Password Salah | IP =172.69.134.154','2018-09-10 01:14:13',NULL,'172.69.134.154'),(848,'User Mengubah PersonalDetail 167215 | userid = 167215','2018-09-10 01:14:55',NULL,'172.68.144.254'),(849,'User Mengubah PersonalDetail 167215 | userid = 167215','2018-09-10 01:15:23',NULL,'172.69.134.154'),(850,'User Mengubah PersonalDetail 167215 | userid = 167215','2018-09-10 01:20:34',NULL,'162.158.166.138'),(851,'User Mengubah PersonalDetail 167215 | userid = 167215','2018-09-10 01:27:55',NULL,'172.69.134.154'),(852,'User Checkout Transaksi #090003','2018-09-10 01:32:38',167215,'172.68.146.9'),(853,'User Mengubah PersonalDetail 167215 | userid = 167215','2018-09-10 01:32:59',NULL,'172.68.146.147'),(854,'User Checkout Transaksi #090004','2018-09-10 01:33:22',167215,'172.68.146.9'),(855,'User Tidak Bisa Login | Tidak Ada Akun | IP =172.69.134.16','2018-09-10 02:51:01',NULL,'172.69.134.16'),(856,'User Tidak Bisa Login | Tidak Ada Akun | IP =172.68.146.21','2018-09-10 02:51:16',NULL,'172.68.146.21'),(857,'User Tidak Bisa Login | Password Salah | IP =172.68.146.81','2018-09-10 02:51:30',NULL,'172.68.146.81'),(858,'User Tidak Bisa Login | Password Salah | IP =172.69.134.154','2018-09-10 02:53:20',NULL,'172.69.134.154'),(859,'User Checkout Transaksi #090005','2018-09-10 02:57:51',745092,'162.158.166.234'),(860,'User Checkout Transaksi #090006','2018-09-10 03:01:49',745092,'172.69.134.154'),(861,'User Tidak Bisa Login | Tidak Ada Akun | IP =172.68.146.21','2018-09-10 03:21:41',NULL,'172.68.146.21'),(862,'User Tidak Bisa Login | Tidak Ada Akun | IP =172.68.146.87','2018-09-10 03:21:58',NULL,'172.68.146.87'),(863,'User Tidak Bisa Login | Tidak Ada Akun | IP =172.69.134.88','2018-09-10 03:22:02',NULL,'172.69.134.88'),(864,'User Tidak Bisa Login | Tidak Ada Akun | IP =172.68.146.87','2018-09-10 03:22:13',NULL,'172.68.146.87'),(865,'User Register987814 | OK |','2018-09-10 03:22:45',NULL,'172.68.146.21'),(866,'User Tidak Bisa Login | Tidak Ada Akun | IP =172.69.134.16','2018-09-10 03:24:17',NULL,'172.69.134.16'),(867,'User Register149341 | OK |','2018-09-10 03:24:55',NULL,'172.69.134.88'),(868,'User Register224421 | OK |','2018-09-10 03:30:26',NULL,'162.158.58.142'),(869,'User Tidak Bisa Login | Tidak Ada Akun | IP =172.68.146.249','2018-09-10 03:33:10',NULL,'172.68.146.249'),(870,'User Tidak Bisa Login | Tidak Ada Akun | IP =162.158.165.71','2018-09-10 03:34:24',NULL,'162.158.165.71'),(871,'User Tidak Bisa Login | Tidak Ada Akun | IP =162.158.165.71','2018-09-10 03:34:36',NULL,'162.158.165.71'),(872,'User Register238754 | OK |','2018-09-10 03:41:11',NULL,'172.69.134.196'),(873,'User Tidak Bisa Login | Tidak Ada Akun | IP =172.69.134.196','2018-09-10 03:41:33',NULL,'172.69.134.196'),(874,'User Register428976 | OK |','2018-09-10 03:42:23',NULL,'172.68.144.110'),(875,'User Tidak Bisa Login | Tidak Ada Akun | IP =162.158.167.43','2018-09-10 03:43:16',NULL,'162.158.167.43'),(876,'User Register372604 | OK |','2018-09-10 03:45:07',NULL,'172.68.146.21'),(877,'User Mengubah PersonalDetail 149341 | userid = 149341','2018-09-10 03:53:03',NULL,'172.68.146.21'),(878,'User Tidak Bisa Login | Tidak Ada Akun | IP =172.69.134.244','2018-09-10 03:56:51',NULL,'172.69.134.244'),(879,'User Register640048 | OK |','2018-09-10 03:57:24',NULL,'172.69.134.154'),(880,'User Checkout Transaksi #090007','2018-09-10 03:57:26',238754,'162.158.167.43'),(881,'User Register796862 | OK |','2018-09-10 03:57:40',NULL,'172.68.146.87'),(882,'User Checkout Transaksi #090008','2018-09-10 03:57:49',149341,'172.68.146.87'),(883,'User Tidak Bisa Login | Password Salah | IP =172.69.134.154','2018-09-10 03:57:49',NULL,'172.69.134.154'),(884,'User Tidak Bisa Login | Tidak Ada Akun | IP =172.69.134.154','2018-09-10 03:58:12',NULL,'172.69.134.154'),(885,'User Tidak Bisa Login | Tidak Ada Akun | IP =172.68.146.87','2018-09-10 03:58:12',NULL,'172.68.146.87'),(886,'User Tidak Bisa Login | Tidak Ada Akun | IP =172.68.146.87','2018-09-10 03:58:42',NULL,'172.68.146.87'),(887,'User Register413530 | OK |','2018-09-10 03:59:20',NULL,'108.162.215.95'),(888,'Kirim Invoice Lunas ke  ardi13055@gmail.com | kode = 090007','2018-09-10 04:02:01',NULL,'172.69.134.160'),(889,'User Tidak Bisa Register | Email Sudah Digunakan','2018-09-10 04:05:29',NULL,'172.69.134.196'),(890,'User Tidak Bisa Register | Email Kosong ','2018-09-10 04:06:58',NULL,'172.69.134.160'),(891,'User Mengubah PersonalDetail 640048 | userid = 640048','2018-09-10 04:11:15',NULL,'162.158.165.77'),(892,'User Mengubah PersonalDetail 640048 | userid = 640048','2018-09-10 04:11:36',NULL,'162.158.165.77'),(893,'User Checkout Transaksi #090009','2018-09-10 04:13:29',745092,'172.68.144.26'),(894,'User Register687822 | OK |','2018-09-10 04:18:55',NULL,'172.69.134.16'),(895,'User Tidak Bisa Login | Tidak Ada Akun | IP =172.68.144.110','2018-09-10 04:19:05',NULL,'172.68.144.110'),(896,'User Register927725 | OK |','2018-09-10 04:19:54',NULL,'172.68.144.110'),(897,'User Register700917 | OK |','2018-09-10 04:34:18',NULL,'162.158.167.43'),(898,'User Register727599 | OK |','2018-09-10 04:38:17',NULL,'172.69.134.196'),(899,'User Tidak Bisa Login | Tidak Ada Akun | IP =172.68.144.26','2018-09-10 04:43:28',NULL,'172.68.144.26'),(900,'User Register913695 | OK |','2018-09-10 04:46:18',NULL,'162.158.166.234'),(901,'User Mengubah PersonalDetail 760486 | userid = 760486','2018-09-10 04:47:15',NULL,'172.69.134.16'),(902,'User Mengubah PersonalDetail 760486 | userid = 760486','2018-09-10 04:47:21',NULL,'172.69.134.16'),(903,'User Tidak Bisa Register | Email Sudah Digunakan','2018-09-10 04:49:00',NULL,'172.69.134.154'),(904,'User Tidak Bisa Login | Tidak Ada Akun | IP =162.158.167.43','2018-09-10 04:50:44',NULL,'162.158.167.43'),(905,'User Register147853 | OK |','2018-09-10 04:50:50',NULL,'162.158.165.77'),(906,'User Register401003 | OK |','2018-09-10 04:51:37',NULL,'162.158.167.43'),(907,'User Register517728 | OK |','2018-09-10 04:52:17',NULL,'172.68.146.81'),(908,'User Membuka Invoice Lain','2018-09-10 04:57:20',NULL,'172.68.255.177'),(909,'User Membuka Invoice Lain','2018-09-10 04:57:24',NULL,'172.68.255.177'),(910,'User Mengubah PersonalDetail 597036 | userid = 597036','2018-09-10 04:59:39',NULL,'172.68.255.177'),(911,'User Tidak Bisa Login | Tidak Ada Akun | IP =172.68.144.26','2018-09-10 05:07:50',NULL,'172.68.144.26'),(912,'User Tidak Bisa Login | Tidak Ada Akun | IP =162.158.165.71','2018-09-10 05:08:33',NULL,'162.158.165.71'),(913,'User Checkout Transaksi #090010','2018-09-10 05:11:52',640048,'172.68.146.21'),(914,'User Tidak Bisa Login | Tidak Ada Akun | IP =172.69.134.196','2018-09-10 05:15:15',NULL,'172.69.134.196'),(915,'User Register158221 | OK |','2018-09-10 05:15:42',NULL,'162.158.167.43'),(916,'User Tidak Bisa Login | Tidak Ada Akun | IP =172.69.134.88','2018-09-10 05:20:41',NULL,'172.69.134.88'),(917,'User Register805339 | OK |','2018-09-10 05:21:23',NULL,'172.69.134.88'),(918,'User Register519957 | OK |','2018-09-10 05:30:42',NULL,'162.158.165.77'),(919,'User Mengubah PersonalDetail 167215 | userid = 167215','2018-09-10 05:32:43',NULL,'162.158.165.23'),(920,'User Register518866 | OK |','2018-09-10 05:36:11',NULL,'172.69.134.244'),(921,'User Tidak Bisa Login | Tidak Ada Akun | IP =172.69.134.160','2018-09-10 05:37:06',NULL,'172.69.134.160'),(922,'User Checkout Transaksi #090011','2018-09-10 05:37:45',224421,'172.69.134.154'),(923,'User Register578331 | OK |','2018-09-10 05:38:12',NULL,'172.68.146.87'),(924,'User Tidak Bisa Login | Tidak Ada Akun | IP =172.68.146.87','2018-09-10 05:38:19',NULL,'172.68.146.87'),(925,'User Tidak Bisa Login | Tidak Ada Akun | IP =172.68.146.87','2018-09-10 05:38:21',NULL,'172.68.146.87'),(926,'User Register547457 | OK |','2018-09-10 05:39:06',NULL,'172.69.134.16'),(927,'User Register378764 | OK |','2018-09-10 05:42:18',NULL,'162.158.165.77'),(928,'User Register710401 | OK |','2018-09-10 05:45:27',NULL,'162.158.165.77'),(929,'User Checkout Transaksi #090012','2018-09-10 05:49:46',208004,'162.158.165.71'),(930,'User Tidak Bisa Login | Tidak Ada Akun | IP =172.69.134.160','2018-09-10 06:02:06',NULL,'172.69.134.160'),(931,'User Tidak Bisa Login | Tidak Ada Akun | IP =172.69.134.160','2018-09-10 06:02:10',NULL,'172.69.134.160'),(932,'User Tidak Bisa Login | Tidak Ada Akun | IP =172.69.134.160','2018-09-10 06:02:15',NULL,'172.69.134.160'),(933,'User Tidak Bisa Register | Email Sudah Digunakan','2018-09-10 06:03:05',NULL,'172.69.134.160'),(934,'User Checkout Transaksi #090013','2018-09-10 06:11:54',378764,'162.158.165.77'),(935,'User Register242637 | OK |','2018-09-10 06:17:29',NULL,'172.68.144.26'),(936,'User Membuka Invoice Lain','2018-09-10 06:18:53',378764,'172.69.134.244'),(937,'User Membuka Invoice Lain','2018-09-10 06:18:53',378764,'172.68.146.81'),(938,'User Membuka Invoice Lain','2018-09-10 06:18:55',378764,'172.68.146.81'),(939,'Kirim Invoice Lunas ke  jemmyjpsinurat@gmail.com | kode = 090011','2018-09-10 06:20:02',NULL,'172.69.134.196'),(940,'User Tidak Bisa Login | Tidak Ada Akun | IP =172.68.146.21','2018-09-10 06:29:09',NULL,'172.68.146.21'),(941,'User Register617649 | OK |','2018-09-10 06:32:14',NULL,'172.68.146.81'),(942,'User Register990115 | OK |','2018-09-10 07:00:44',NULL,'172.69.134.88'),(943,'User Mengakses Halaman http://booking.tripleasport.com/update-personal','2018-09-10 07:05:52',990115,'162.158.165.47'),(944,'User Tidak Bisa Login | Tidak Ada Akun | IP =172.69.134.196','2018-09-10 07:12:46',NULL,'172.69.134.196'),(945,'User Tidak Bisa Login | Tidak Ada Akun | IP =162.158.167.43','2018-09-10 07:13:17',NULL,'162.158.167.43'),(946,'User Tidak Bisa Login | Tidak Ada Akun | IP =162.158.167.43','2018-09-10 07:14:11',NULL,'162.158.167.43'),(947,'User Tidak Bisa Login | Tidak Ada Akun | IP =172.68.144.110','2018-09-10 07:14:38',NULL,'172.68.144.110'),(948,'User Register857211 | OK |','2018-09-10 07:15:36',NULL,'172.69.134.244'),(949,'User Checkout Transaksi #090014','2018-09-10 07:17:48',990115,'162.158.165.71'),(950,'User Tidak Bisa Login | Tidak Ada Akun | IP =172.69.134.196','2018-09-10 07:19:40',NULL,'172.69.134.196'),(951,'User Register514346 | OK |','2018-09-10 07:20:03',NULL,'172.69.134.196'),(952,'User Register746616 | OK |','2018-09-10 07:29:13',NULL,'172.68.146.21'),(953,'User Mengubah PersonalDetail 857211 | userid = 857211','2018-09-10 07:35:02',NULL,'172.69.134.160'),(954,'User Mengubah PersonalDetail 857211 | userid = 857211','2018-09-10 07:35:13',NULL,'172.69.134.16'),(955,'User Mengubah PersonalDetail 857211 | userid = 857211','2018-09-10 07:35:18',NULL,'172.69.134.16'),(956,'User Tidak Bisa Register | Email Sudah Digunakan','2018-09-10 07:37:07',NULL,'172.68.146.81'),(957,'User Tidak Bisa Register | Email Kosong ','2018-09-10 07:37:43',NULL,'162.158.165.71'),(958,'User Tidak Bisa Register | Email Sudah Digunakan','2018-09-10 07:38:17',NULL,'172.68.144.26'),(959,'User Register575912 | OK |','2018-09-10 07:45:17',NULL,'172.69.134.88'),(960,'User Checkout Transaksi #090015','2018-09-10 07:48:11',514346,'172.69.134.16'),(961,'Kirim Invoice Lunas ke  djfr3ze@gmail.com | kode = 090014','2018-09-10 07:50:02',NULL,'172.68.146.21'),(962,'Kirim Invoice Lunas ke  lioechristina91@gmail.com | kode = 090015','2018-09-10 07:58:02',NULL,'172.68.146.81'),(963,'User Register412373 | OK |','2018-09-10 08:03:04',NULL,'172.68.144.26'),(964,'User Mengubah PersonalDetail 857211 | userid = 857211','2018-09-10 08:04:56',NULL,'172.69.134.154'),(965,'User Mengubah PersonalDetail 857211 | userid = 857211','2018-09-10 08:05:10',NULL,'172.69.134.88'),(966,'User Tidak Bisa Login | Tidak Ada Akun | IP =172.69.134.88','2018-09-10 08:25:00',NULL,'172.69.134.88'),(967,'User Register401591 | OK |','2018-09-10 08:25:41',NULL,'172.69.134.88'),(968,'User Tidak Bisa Login | Tidak Ada Akun | IP =172.68.146.81','2018-09-10 08:27:54',NULL,'172.68.146.81'),(969,'User Register116551 | OK |','2018-09-10 08:28:48',NULL,'172.68.146.87'),(970,'User Tidak Bisa Login | Tidak Ada Akun | IP =172.69.134.88','2018-09-10 08:34:37',NULL,'172.69.134.88'),(971,'User Tidak Bisa Login | Tidak Ada Akun | IP =172.69.134.160','2018-09-10 08:34:37',NULL,'172.69.134.160'),(972,'User Tidak Bisa Login | Tidak Ada Akun | IP =172.69.134.160','2018-09-10 08:35:10',NULL,'172.69.134.160'),(973,'User Register115017 | OK |','2018-09-10 08:36:26',NULL,'172.69.134.196'),(974,'User Register676939 | OK |','2018-09-10 08:37:29',NULL,'172.69.134.154'),(975,'User Tidak Bisa Login | Tidak Ada Akun | IP =162.158.166.234','2018-09-10 08:37:29',NULL,'162.158.166.234'),(976,'User Tidak Bisa Login | Tidak Ada Akun | IP =162.158.166.234','2018-09-10 08:37:45',NULL,'162.158.166.234'),(977,'User Tidak Bisa Login | Tidak Ada Akun | IP =162.158.166.234','2018-09-10 08:37:57',NULL,'162.158.166.234'),(978,'User Tidak Bisa Login | Tidak Ada Akun | IP =172.68.144.26','2018-09-10 08:38:30',NULL,'172.68.144.26'),(979,'User Register478852 | OK |','2018-09-10 08:38:41',NULL,'162.158.166.234'),(980,'User Tidak Bisa Login | Tidak Ada Akun | IP =172.68.146.21','2018-09-10 08:40:31',NULL,'172.68.146.21'),(981,'User Register276345 | OK |','2018-09-10 08:41:03',NULL,'172.68.146.21'),(982,'User Register279082 | OK |','2018-09-10 08:46:28',NULL,'162.158.166.234'),(983,'User Tidak Bisa Login | Tidak Ada Akun | IP =162.158.165.71','2018-09-10 08:47:08',NULL,'162.158.165.71'),(984,'User Tidak Bisa Login | Tidak Ada Akun | IP =172.69.134.196','2018-09-10 08:47:08',NULL,'172.69.134.196'),(985,'User Tidak Bisa Login | Password Salah | IP =172.69.134.88','2018-09-10 08:47:32',NULL,'172.69.134.88'),(986,'User Register571576 | OK |','2018-09-10 08:48:46',NULL,'162.158.165.71'),(987,'User Register493567 | OK |','2018-09-10 08:50:12',NULL,'162.158.165.77'),(988,'User Checkout Transaksi #090016','2018-09-10 08:55:31',478852,'172.68.146.81'),(989,'User Register673010 | OK |','2018-09-10 09:00:42',NULL,'172.68.146.249'),(990,'User Mengubah PersonalDetail 493567 | userid = 493567','2018-09-10 09:01:53',NULL,'172.68.144.26'),(991,'User Register267043 | OK |','2018-09-10 09:03:39',NULL,'162.158.167.43'),(992,'User Register225128 | OK |','2018-09-10 09:04:50',NULL,'172.69.134.160'),(993,'User Mengakses Halaman http://booking.tripleasport.com/update-emergency','2018-09-10 09:04:52',493567,'162.158.167.43'),(994,'User Mengakses Halaman http://booking.tripleasport.com/update-emergency','2018-09-10 09:05:08',493567,'172.69.134.244'),(995,'User Tidak Bisa Login | Password Salah | IP =172.69.134.16','2018-09-10 09:08:50',NULL,'172.69.134.16'),(996,'User Register775595 | OK |','2018-09-10 09:11:21',NULL,'172.68.146.81'),(997,'User Mengubah PersonalDetail 276345 | userid = 276345','2018-09-10 09:12:02',NULL,'172.69.134.244'),(998,'User Checkout Transaksi #090017','2018-09-10 09:21:37',571576,'162.158.167.43'),(999,'User Mengubah PersonalDetail 267043 | userid = 267043','2018-09-10 09:24:39',NULL,'162.158.165.71'),(1000,'User Register856012 | OK |','2018-09-10 09:26:49',NULL,'172.69.134.196'),(1001,'User Mengubah PersonalDetail 158221 | userid = 158221','2018-09-10 09:29:35',NULL,'172.69.134.16'),(1002,'User Mengubah PersonalDetail 158221 | userid = 158221','2018-09-10 09:29:47',NULL,'172.68.146.249'),(1003,'User Checkout Transaksi #090018','2018-09-10 09:30:04',267043,'172.68.144.110'),(1004,'User Checkout Transaksi #090019','2018-09-10 09:30:17',279082,'162.158.165.77'),(1005,'User Tidak Bisa Login | Tidak Ada Akun | IP =172.69.134.196','2018-09-10 09:31:22',NULL,'172.69.134.196'),(1006,'User Tidak Bisa Login | Tidak Ada Akun | IP =172.68.146.81','2018-09-10 09:32:11',NULL,'172.68.146.81'),(1007,'User Register318086 | OK |','2018-09-10 09:32:44',NULL,'172.68.146.81'),(1008,'User Tidak Bisa Login | Tidak Ada Akun | IP =172.68.146.81','2018-09-10 09:33:10',NULL,'172.68.146.81'),(1009,'User Tidak Bisa Login | Tidak Ada Akun | IP =172.68.146.81','2018-09-10 09:33:14',NULL,'172.68.146.81'),(1010,'User Checkout Transaksi #090020','2018-09-10 09:33:30',279082,'172.68.146.21'),(1011,'User Mengubah PersonalDetail 225128 | userid = 225128','2018-09-10 09:47:01',NULL,'172.69.134.88'),(1012,'User Mengakses Halaman http://booking.tripleasport.com/secret-zoo-adventure-run-40','2018-09-10 09:53:31',597036,'172.69.134.154'),(1013,'User Checkout Transaksi #090021','2018-09-10 09:53:53',318086,'172.69.134.196'),(1014,'User Checkout Transaksi #090022','2018-09-10 09:54:32',318086,'172.69.134.196'),(1015,'User Tidak Bisa Login | Password Salah | IP =172.69.134.16','2018-09-10 09:56:47',NULL,'172.69.134.16'),(1016,'User Tidak Bisa Login | Password Salah | IP =172.69.134.88','2018-09-10 09:57:00',NULL,'172.69.134.88'),(1017,'User Tidak Bisa Register | Email Sudah Digunakan','2018-09-10 09:57:23',NULL,'172.68.146.249'),(1018,'User Tidak Bisa Login | Password Salah | IP =172.68.144.26','2018-09-10 09:57:57',NULL,'172.68.144.26'),(1019,'User Register328683 | OK |','2018-09-10 09:58:38',NULL,'162.158.165.77'),(1020,'Kirim Invoice Lunas ke  winaaja2014@gmail.com | kode = 090022','2018-09-10 09:59:01',NULL,'172.69.134.196'),(1021,'User Tidak Bisa Login | Tidak Ada Akun | IP =172.69.134.88','2018-09-10 10:18:29',NULL,'172.69.134.88'),(1022,'User Tidak Bisa Login | Tidak Ada Akun | IP =162.158.165.77','2018-09-10 10:19:43',NULL,'162.158.165.77'),(1023,'User Tidak Bisa Login | Tidak Ada Akun | IP =172.68.144.26','2018-09-10 10:21:22',NULL,'172.68.144.26'),(1024,'User Tidak Bisa Login | Tidak Ada Akun | IP =172.68.146.249','2018-09-10 10:22:54',NULL,'172.68.146.249'),(1025,'User Tidak Bisa Login | Tidak Ada Akun | IP =172.69.134.88','2018-09-10 10:36:51',NULL,'172.69.134.88'),(1026,'User Mengubah PersonalDetail 760486 | userid = 760486','2018-09-10 10:38:58',NULL,'162.158.167.43'),(1027,'User Register746834 | OK |','2018-09-10 10:39:39',NULL,'162.158.167.43'),(1028,'User Tidak Bisa Login | Tidak Ada Akun | IP =172.68.146.249','2018-09-10 10:51:45',NULL,'172.68.146.249'),(1029,'User Register620733 | OK |','2018-09-10 10:53:36',NULL,'172.68.146.249'),(1030,'User Tidak Bisa Register | Password Tidak Sama ','2018-09-10 10:57:47',NULL,'172.68.146.87'),(1031,'User Register870194 | OK |','2018-09-10 10:58:31',NULL,'172.68.146.81'),(1032,'User Register777137 | OK |','2018-09-10 11:08:45',NULL,'162.158.166.234'),(1033,'User Tidak Bisa Login | Tidak Ada Akun | IP =172.68.146.21','2018-09-10 11:25:03',NULL,'172.68.146.21'),(1034,'User Tidak Bisa Login | Password Salah | IP =162.158.165.77','2018-09-10 11:29:41',NULL,'162.158.165.77'),(1035,'User Tidak Bisa Login | Password Salah | IP =172.68.144.110','2018-09-10 11:30:06',NULL,'172.68.144.110'),(1036,'User Tidak Bisa Login | Password Salah | IP =172.68.146.21','2018-09-10 11:30:22',NULL,'172.68.146.21'),(1037,'User Tidak Bisa Login | Tidak Ada Akun | IP =172.68.144.26','2018-09-10 11:32:22',NULL,'172.68.144.26'),(1038,'User Register472714 | OK |','2018-09-10 11:35:15',NULL,'162.158.165.77'),(1039,'User Tidak Bisa Login | Tidak Ada Akun | IP =162.158.165.77','2018-09-10 11:42:48',NULL,'162.158.165.77'),(1040,'User Tidak Bisa Login | Tidak Ada Akun | IP =172.69.134.88','2018-09-10 11:43:44',NULL,'172.69.134.88'),(1041,'User Register777782 | OK |','2018-09-10 11:44:31',NULL,'172.69.134.88'),(1042,'User Tidak Bisa Login | Tidak Ada Akun | IP =172.69.134.154','2018-09-10 11:49:56',NULL,'172.69.134.154'),(1043,'User Register472189 | OK |','2018-09-10 11:51:49',NULL,'172.69.134.160'),(1044,'User Register457942 | OK |','2018-09-10 11:53:35',NULL,'162.158.166.234'),(1045,'User Mengakses Halaman http://testing.tripleasport.com/expired','2018-09-10 11:59:36',167215,'162.158.167.211'),(1046,'User Tidak Bisa Login | Tidak Ada Akun | IP =172.68.146.87','2018-09-10 12:01:17',NULL,'172.68.146.87'),(1047,'User Register969575 | OK |','2018-09-10 12:02:22',NULL,'172.68.146.249'),(1048,'User Mengakses Halaman http://testing.tripleasport.com/expired','2018-09-10 12:03:03',167215,'162.158.166.138'),(1049,'User Mengakses Halaman http://testing.tripleasport.com/expired','2018-09-10 12:03:05',167215,'162.158.167.7'),(1050,'User Mengakses Halaman http://testing.tripleasport.com/expired','2018-09-10 12:03:08',167215,'162.158.167.7'),(1051,'User Mengakses Halaman http://testing.tripleasport.com/expired','2018-09-10 12:03:15',167215,'162.158.167.7'),(1052,'User Mengakses Halaman http://testing.tripleasport.com/expired','2018-09-10 12:03:25',167215,'162.158.167.7'),(1053,'User Mengakses Halaman http://testing.tripleasport.com/expired','2018-09-10 12:03:35',167215,'162.158.167.7'),(1054,'User Mengakses Halaman http://testing.tripleasport.com/expired','2018-09-10 12:03:49',167215,'172.68.144.152'),(1055,'User Mengakses Halaman http://testing.tripleasport.com/expired','2018-09-10 12:03:50',167215,'172.68.146.147'),(1056,'User Mengakses Halaman http://testing.tripleasport.com/expired','2018-09-10 12:03:51',167215,'172.69.134.154'),(1057,'User Mengakses Halaman http://testing.tripleasport.com/expired','2018-09-10 12:04:01',167215,'172.69.134.154'),(1058,'User Mengakses Halaman http://testing.tripleasport.com/expired','2018-09-10 12:04:09',167215,'172.69.134.154'),(1059,'User Mengakses Halaman http://testing.tripleasport.com/expired','2018-09-10 12:04:23',167215,'172.69.134.154'),(1060,'User Mengakses Halaman http://booking.tripleasport.com/reverify','2018-09-10 12:04:24',969575,'172.69.134.16'),(1061,'User Mengakses Halaman http://testing.tripleasport.com/expired','2018-09-10 12:04:31',167215,'172.69.134.154'),(1062,'User Mengakses Halaman http://testing.tripleasport.com/expired','2018-09-10 12:05:15',167215,'172.69.134.154'),(1063,'User Mengakses Halaman http://testing.tripleasport.com/kadaluarsa','2018-09-10 12:05:37',167215,'172.69.134.154'),(1064,'User Mengakses Halaman http://testing.tripleasport.com/kadaluarsa','2018-09-10 12:05:39',167215,'172.68.144.152'),(1065,'User Mengakses Halaman http://testing.tripleasport.com/kadaluarsa','2018-09-10 12:05:49',167215,'172.69.134.154'),(1066,'User Mengakses Halaman http://testing.tripleasport.com/kadaluarsa','2018-09-10 12:06:11',167215,'172.69.134.154'),(1067,'User Mengakses Halaman http://testing.tripleasport.com/kadaluarsa','2018-09-10 12:06:21',167215,'162.158.166.6'),(1068,'User Membuka Invoice Lain','2018-09-10 12:06:25',167215,'162.158.166.6'),(1069,'User Mengakses Halaman http://testing.tripleasport.com/expired','2018-09-10 12:06:37',167215,'162.158.167.109'),(1070,'User Mengakses Halaman http://testing.tripleasport.com/kadaluarsa','2018-09-10 12:07:11',167215,'172.69.134.94'),(1071,'User Mengakses Halaman http://testing.tripleasport.com/kadaluarsa','2018-09-10 12:08:08',167215,'172.68.144.152'),(1072,'User Tidak Bisa Login | Tidak Ada Akun | IP =172.68.146.21','2018-09-10 12:10:50',NULL,'172.68.146.21'),(1073,'User Mengakses Halaman http://testing.tripleasport.com/expired','2018-09-10 12:10:50',167215,'172.69.134.94'),(1074,'User Mengakses Halaman http://testing.tripleasport.com/expired','2018-09-10 12:11:07',167215,'172.69.134.94'),(1075,'User Tidak Bisa Login | Tidak Ada Akun | IP =172.68.146.21','2018-09-10 12:11:34',NULL,'172.68.146.21'),(1076,'User Tidak Bisa Login | Tidak Ada Akun | IP =172.68.146.21','2018-09-10 12:12:19',NULL,'172.68.146.21'),(1077,'User Tidak Bisa Login | Tidak Ada Akun | IP =172.68.144.110','2018-09-10 12:13:16',NULL,'172.68.144.110'),(1078,'User Register667331 | OK |','2018-09-10 12:19:15',NULL,'172.69.134.154'),(1079,'User Mengubah PersonalDetail 401003 | userid = 401003','2018-09-10 12:19:25',NULL,'172.69.134.196'),(1080,'User Mengubah PersonalDetail 969575 | userid = 969575','2018-09-10 12:22:56',NULL,'172.69.134.196'),(1081,'User Mengubah PersonalDetail 472189 | userid = 472189','2018-09-10 12:24:29',NULL,'172.68.146.81'),(1082,'User Register785257 | OK |','2018-09-10 12:26:00',NULL,'172.68.146.249'),(1083,'User Mengubah PersonalDetail 969575 | userid = 969575','2018-09-10 12:30:01',NULL,'172.68.144.110'),(1084,'User Tidak Bisa Login | Tidak Ada Akun | IP =162.158.165.77','2018-09-10 12:31:50',NULL,'162.158.165.77'),(1085,'User Register356409 | OK |','2018-09-10 12:32:28',NULL,'162.158.165.77'),(1086,'User Register941567 | OK |','2018-09-10 12:32:35',NULL,'172.68.146.81'),(1087,'User Mengakses Halaman http://booking.tripleasport.com/update-personal','2018-09-10 12:42:00',857211,'172.68.47.19'),(1088,'User Mengubah PersonalDetail 857211 | userid = 857211','2018-09-10 12:43:18',NULL,'172.68.146.87'),(1089,'User Tidak Bisa Login | Tidak Ada Akun | IP =108.162.215.167','2018-09-10 12:55:04',NULL,'108.162.215.167'),(1090,'User Mengubah PersonalDetail 617649 | userid = 617649','2018-09-10 13:02:41',NULL,'172.69.134.16'),(1091,'User Checkout Transaksi #090023','2018-09-10 13:04:51',969575,'172.68.144.26'),(1092,'User Checkout Transaksi #090024','2018-09-10 13:05:17',617649,'162.158.165.77'),(1093,'User Membuka Invoice Lain URL=http://booking.tripleasport.com/trx/090023','2018-09-10 13:05:55',NULL,'162.158.59.89'),(1094,'User Membuka Invoice Lain','2018-09-10 13:06:32',NULL,'162.158.58.34'),(1095,'User Tidak Bisa Register | Email Sudah Digunakan','2018-09-10 13:15:23',NULL,'172.69.134.244'),(1096,'User Tidak Bisa Login | Tidak Ada Akun | IP =172.68.144.110','2018-09-10 13:15:41',NULL,'172.68.144.110'),(1097,'User Tidak Bisa Login | Tidak Ada Akun | IP =172.68.144.110','2018-09-10 13:15:44',NULL,'172.68.144.110'),(1098,'User Tidak Bisa Login | Tidak Ada Akun | IP =172.68.144.110','2018-09-10 13:16:03',NULL,'172.68.144.110'),(1099,'User Tidak Bisa Register | Email Sudah Digunakan','2018-09-10 13:17:13',NULL,'162.158.166.234'),(1100,'User Register422473 | OK |','2018-09-10 13:18:15',NULL,'172.69.134.16'),(1101,'User Checkout Transaksi #090025','2018-09-10 13:26:00',617649,'172.69.134.154'),(1102,'User Checkout Transaksi #090026','2018-09-10 13:28:03',633808,'172.68.146.81'),(1103,'User Tidak Bisa Login | Tidak Ada Akun | IP =172.68.142.168','2018-09-10 13:46:21',NULL,'172.68.142.168'),(1104,'User Register158758 | OK |','2018-09-10 13:47:25',NULL,'172.69.22.189'),(1105,'User Checkout Transaksi #090027','2018-09-10 13:47:25',617649,'172.69.134.88'),(1106,'User Mengubah PersonalDetail 158758 | userid = 158758','2018-09-10 13:58:40',NULL,'172.68.141.107'),(1107,'Kirim Invoice Lunas ke  widanto@ymail.com | kode = 090010','2018-09-10 14:14:02',NULL,'162.158.165.71'),(1108,'User Register155014 | OK |','2018-09-10 14:22:00',NULL,'172.69.134.16'),(1109,'User Tidak Bisa Login | Password Salah | IP =172.69.134.16','2018-09-10 14:22:26',NULL,'172.69.134.16'),(1110,'User Checkout Transaksi #090028','2018-09-10 14:36:38',155014,'172.68.146.87'),(1111,'User Tidak Bisa Login | Tidak Ada Akun | IP =162.158.165.77','2018-09-10 14:39:23',NULL,'162.158.165.77'),(1112,'User Register357501 | OK |','2018-09-10 14:40:05',NULL,'162.158.165.77'),(1113,'User Checkout Transaksi #090029','2018-09-10 14:49:41',357501,'172.68.146.87'),(1114,'User Tidak Bisa Login | Tidak Ada Akun | IP =162.158.167.43','2018-09-10 16:09:49',NULL,'162.158.167.43'),(1115,'User Mengakses Halaman http://testing.tripleasport.com/daftar-peserta','2018-09-10 16:10:38',167215,'172.68.146.9'),(1116,'User Register582024 | OK |','2018-09-10 16:10:46',NULL,'172.69.134.244'),(1117,'User Mengubah PersonalDetail 582024 | userid = 582024','2018-09-10 16:18:17',NULL,'162.158.165.71'),(1118,'User Checkout Transaksi #090030','2018-09-10 16:21:28',582024,'172.69.134.160'),(1119,'User Checkout Transaksi #090031','2018-09-10 16:24:15',676939,'172.69.134.16'),(1120,'User Tidak Bisa Login | Tidak Ada Akun | IP =172.68.146.87','2018-09-10 17:06:22',NULL,'172.68.146.87'),(1121,'User Tidak Bisa Login | Tidak Ada Akun | IP =172.68.146.87','2018-09-10 17:06:30',NULL,'172.68.146.87'),(1122,'User Tidak Bisa Login | Tidak Ada Akun | IP =172.68.146.87','2018-09-10 17:06:40',NULL,'172.68.146.87'),(1123,'User Tidak Bisa Login | Tidak Ada Akun | IP =172.68.146.87','2018-09-10 17:07:15',NULL,'172.68.146.87'),(1124,'User Checkout Transaksi #090032','2018-09-10 17:35:23',NULL,'162.158.165.143');
/*!40000 ALTER TABLE `log` ENABLE KEYS */;
UNLOCK TABLES;

--
-- Table structure for table `login_member`
--

DROP TABLE IF EXISTS `login_member`;
/*!40101 SET @saved_cs_client     = @@character_set_client */;
/*!40101 SET character_set_client = utf8 */;
CREATE TABLE `login_member` (
  `id` int(8) NOT NULL,
  `email` varchar(100) DEFAULT NULL,
  `password` text NOT NULL,
  `komunitas` varchar(30) DEFAULT NULL,
  `jml_personal` int(11) NOT NULL DEFAULT '1',
  `tipe_akun` int(1) DEFAULT '0' COMMENT '0=personal, 1 =komunitas',
  `verified` int(5) DEFAULT '0',
  `nohp` varchar(20) DEFAULT NULL,
  `status` int(1) DEFAULT '0' COMMENT '0=blm aktif, 1=aktif',
  `waktu_daftar` timestamp NOT NULL DEFAULT CURRENT_TIMESTAMP,
  PRIMARY KEY (`id`)
) ENGINE=InnoDB DEFAULT CHARSET=latin1;
/*!40101 SET character_set_client = @saved_cs_client */;

--
-- Dumping data for table `login_member`
--

LOCK TABLES `login_member` WRITE;
/*!40000 ALTER TABLE `login_member` DISABLE KEYS */;
INSERT INTO `login_member` VALUES (115017,'www.hamzah990@gmail.com','$2y$10$Nb.B4BxdKH/4jFKLptotBuBwMaZ40hwSJUYBRJtIH5FvkUk1yc2sG',NULL,1,0,0,'+62 895 6306 62264',0,'2018-09-10 08:36:26'),(116551,'ariaadmaja23@gmail.com','$2y$10$F9zH0dIss7ljnAfLh1CGWuZwkI4GzkRwuqVH65b8wIsH4jQQwt.ya',NULL,1,0,0,'082245466686',0,'2018-09-10 08:28:48'),(147595,'widyapamela@gmail.com','$2y$10$tk9GDV9k77XqneIH4V0nlOyCz8P0KBwpatncKpZA/d2CVbFJH4Vm6','3A',10,1,NULL,'08113030151',1,'2018-09-08 07:56:42'),(147853,'deddy@engineer.com','$2y$10$DZ9/ObdTyvpsP2D.tF4A9eQoC.erSvm7yRcHyOLGFnMOWT7M11bsW',NULL,1,0,0,'08155520722',1,'2018-09-10 04:50:50'),(149341,'imanur090@gmail.com','$2y$10$GpWhW2A9ft3VjegmrGVJ.uN/Sit5UsSCTx2e7HX7dLxmC1xhH5PIy','melatirunners',18,1,0,'081234070923',0,'2018-09-10 03:24:55'),(152933,'jayapratama63@gmail.com','$2y$10$l1xC.VS50BbFcKFeTY8xZ.dRm8G68mDrJBaN2JxufokVZ3qChwXNm','lari dari kenyataan',10,1,NULL,'082337470605',1,'2018-09-08 07:56:42'),(155014,'fadilladelima@gmail.com','$2y$10$gGyMIZLAdW0jQ9mvlkrvZOxk3.9oDfpmSJOCQr7OlUolktlQWF5Dy',NULL,1,0,0,'081330417569',0,'2018-09-10 14:22:00'),(158221,'suryoekoprasetyojawapos@gmail.com','$2y$10$1elI6yNeFS5eOxxYi8xRMebdE7WJN4EGCRFZt2vbmnPsNK/zE4HTW',NULL,1,0,0,'08164736029',0,'2018-09-10 05:15:42'),(158758,'faritwijaya13@gmail.com','$2y$10$Jemx5VSJwyaFrzMio/8rVuA6kN6MUFQJLaVxQSra/0UFongKn/dwe',NULL,1,0,0,'082213149441',0,'2018-09-10 13:47:25'),(167215,'rosyi88@gmail.com','$2y$10$tR3mzmql1GFS7IcchqHMA.zJRLto6dhGFEcurcdjtkXlsfs6e8Ip.','AA',5,1,NULL,'085695555430',1,'2018-09-08 07:56:42'),(207448,'nasklengandri@gmail.com','$2y$10$RLnZyBfNvpu3Uj0ZU3ok7Oz1KT8QFncHTkeI70tlDePQ7ZXwO4KeW',NULL,1,0,NULL,'082244441294',0,'2018-09-08 07:56:42'),(208004,'emiyakiritsugu11@gmail.com','$2y$10$VkE8Yld0zxRES0o.UlmWuuhSvR8GOcqAzBpQM40lYNru/Yy.JI33a',NULL,1,0,NULL,'085755506525',1,'2018-09-08 07:56:42'),(216970,'mcfcfaris@gmail.com','$2y$10$0FpjaEMSJ.l.ipBrj/9E2ezGZjaDjubCmlV0LfFfIcgpEXWZedZ7u','Komunitasku',2,0,NULL,'08129',1,'2018-09-08 07:56:42'),(221154,'dqbatu@gmail.com','$2y$10$haP0IjmULG00/d1b5zgrYuvAtkaI2T3.LNqwGQPRQ1LFJnye/lKgS',NULL,1,0,0,'081249673030',1,'2018-09-08 12:46:57'),(224421,'jemmyjpsinurat@gmail.com','$2y$10$b24n2gq6NC/DljQG1hmwLuXSC/ekN.qhqXzsRMwiU1xJom5P/45.i',NULL,1,0,0,'08117331789',0,'2018-09-10 03:30:26'),(225128,'etg99@live.com','$2y$10$2YxLPQQKl0aC2SC.EjMzr.m8IPtMcGSDYfqe1y3rfBflcpHa7J3eC',NULL,1,0,0,'08980336633',0,'2018-09-10 09:04:50'),(232857,'dannysudjono@ymail.com','$2y$10$8pJunpMk98R6gta5717tL.ibC9i5gw1B6FA8oVmvdx9DiinC2lT76',NULL,1,0,0,'081231793638',0,'2018-09-08 08:56:22'),(237373,'webmaster@smkn5malang.sch.id','$2y$10$AHZQFtfYfjy4NL3fyUO/AO7fEes6WvejGgZ3oGJks1VUV7/uhfKre',NULL,1,0,NULL,'085695555420',1,'2018-09-08 07:56:42'),(238754,'ardi13055@gmail.com','$2y$10$F9fRFivfpNrcQX029tnoV.vN6ryTUAwOIfDucgp2bTeJ.rnInY.gm',NULL,1,1,0,'085711034845',0,'2018-09-10 03:41:10'),(242637,'puguhpriyambodo15@gmail.com','$2y$10$JnOTB99tXLySSR74nvb02uhNbnZVJd1TieRIiTtcx8pqGNnQntUTK',NULL,1,0,0,'0895366313234',0,'2018-09-10 06:17:29'),(245943,'rosedah27@gmail.com','$2y$10$CQMhaJFS1GaN48lKhOSC1eY9.7vteWFOiBrPDLzWDAs3JGkDQ82yu',NULL,1,0,NULL,'085852228800',0,'2018-09-08 07:56:42'),(267043,'mohan.ayusta@gmail.com','$2y$10$CulAAiPyKPb3hBBh5nf7iOpAKC1MofEVCpu5MpQQ4ZDLxTC4lg1ku',NULL,1,0,0,'0817388600',1,'2018-09-10 09:03:39'),(276345,'rendriruri@gmail.com','$2y$10$3enw8bFHpSx9n/plJNMl5eCrGvB7R1GIW10wfZisfR1amdykdq/Hi',NULL,1,0,0,'081217011860',0,'2018-09-10 08:41:03'),(279082,'maksud1828@gmail.com','$2y$10$70YHlNtZnpZiSMfb7uCHYeoPEA0ZTlqet0YDVIy4iGOSu5wq5sK/e',NULL,1,0,0,'0816550123',1,'2018-09-10 08:46:28'),(307651,'talktobay@gmail.com','$2y$10$lumioo3dp4g9sEQu2.SEK.CTbEWT..VvpcAPQv/MmNtyojdfvdUDe',NULL,1,0,NULL,'081939765185',0,'2018-09-08 07:56:42'),(313749,'wismoyotaj.di14@gmail.com','$2y$10$Z1EaxCYSqZQO05e.w9jzMOv2yFbthR.pgTmjl0UsFvhxJNBJ/WBU6','3macan',20,1,NULL,'081259668275',1,'2018-09-08 07:56:42'),(318086,'winaaja2014@gmail.com','$2y$10$1uiK6bV32MIG7fXIxXCW9ecXFvsnvYDWliA6uEIFGDBvi8AGm2s4a',NULL,1,0,0,'081335075555',1,'2018-09-10 09:32:44'),(328683,'edwinrosyadi99@gmail.com','$2y$10$KspU6Wz5BxSrgCazftB1heEMTaJZ.059vz46aOD.E7k9cHIO1rqW.',NULL,1,0,0,'08',0,'2018-09-10 09:58:38'),(340495,'sultangamers21@gmail.com','$2y$10$K8B8U0NTM5GLdA83a6b6l.89Lj2zSMlA.GuzLJOpHO/BqiOd3X40G',NULL,1,0,NULL,'085854467514',0,'2018-09-08 07:56:42'),(356409,'echamarta86@gmail.com','$2y$10$TJ6WVeGeb6fD9e6.KHhUyObS2TEuFgkew9V4FDx1eWt1E6e4CK9xy',NULL,1,0,0,'08113338994',0,'2018-09-10 12:32:28'),(357501,'syaf.office17@gmail.com','$2y$10$iOSHm/rXadolkaW4TdjXvObVf8FCubgkS8Ny9AmFoM5zLQZz1NGcW',NULL,1,0,0,'082143240134',1,'2018-09-10 14:40:05'),(372604,'shita.sekar@gmail.com','$2y$10$0KH71wj5lulRE5iLWasUpeBzQt1/1sC89d.BOTgq4k2U21Be6fSMW',NULL,1,0,0,'081234607936',0,'2018-09-10 03:45:07'),(378181,'sitihadijahayuni@gmail.com','$2y$10$9mWoi3d6Hur2Kuhj.X2um.xDbYu/Dt6tlwXSeGwdTvl/xKK.PxqIy',NULL,1,0,NULL,'081330077878',0,'2018-09-08 07:56:42'),(378764,'diah.triatmi@gmail.com','$2y$10$locHMJ4zzkRejeKGNQIepurUj3z0UuwVxDvOMu6EGrScS4De/G1.6',NULL,1,0,0,'085648493416',0,'2018-09-10 05:42:18'),(401003,'buanarissa@gmail.com','$2y$10$VJKyl0PWoZ6Nwp0VkCh8/O91uxWoKkiO6TI9KFsVipUa/w3hLyzoG',NULL,1,0,0,'082257754446',1,'2018-09-10 04:51:37'),(401591,'dhenykuncoro@gmail.com','$2y$10$UX.EQyZHEtGSmgV18s1Zv.zEOvdr0Vk.xm3S3Km494HTS0jHoB27a',NULL,1,0,0,'082291587337',0,'2018-09-10 08:25:41'),(412373,'azizfahmadi28@gmail.com','$2y$10$oTrryD.3VN7rJnomvKpL/./9FNG1sLcEwA0pA/i1my/27U.jq.Wc2',NULL,1,0,0,'081252413838',0,'2018-09-10 08:03:04'),(413530,'fatichul8@gmail.com','$2y$10$6ITIq5Gc7JrY0jgeJAzd7.0A00JIFuhTOMn5BdOjC.W8pi.85KKka',NULL,1,0,0,'081553076586',0,'2018-09-10 03:59:20'),(422473,'vickysoluna21@gmail.com','$2y$10$M/vu2.2cMKskCk8uliPQ6u4ROMezVAw16hGWOkT6aNwcJCGus5yqu',NULL,1,0,0,'085648125654',0,'2018-09-10 13:18:15'),(428976,'kurogaul@gmail.com','$2y$10$mdaq1dbqvJKkU6h13ir26uTBqw/AmNsfUGnvRn2n9kGZMAchoU9Fy',NULL,1,0,0,'085755391114',0,'2018-09-10 03:42:23'),(457942,'arisandyfajarw@gmail.com','$2y$10$dm81/bF/HxqWCs2Xz0jTAee1w58m1Nhq1u4WgGeOX2PdrSZV8O1DG',NULL,1,1,0,'085732127815',0,'2018-09-10 11:53:35'),(472189,'dellabudirahmania@gmail.com','$2y$10$eDi715vWvK4XvIE5y7/WReh/rycZXBCRCIFY13WLlhdjp9RdesdSO',NULL,1,0,0,'082139943049',0,'2018-09-10 11:51:49'),(472714,'wahidrizal97@gmail.com','$2y$10$BceowvvD3ADpMwAOPq6DkexHvVMGKYR1KffEmA9ZKzm0wu87GkaGK',NULL,1,0,0,'081331748235',1,'2018-09-10 11:35:15'),(478852,'dennymaliantomo@yahoo.co.id','$2y$10$XZ4Lfp7anLxYCwtsL56XE.igQ.95xEzKmiyImbk./uM7W30fJnPLW',NULL,1,0,0,'081336729221',1,'2018-09-10 08:38:41'),(493567,'tiodwiwahyu@gmail.com','$2y$10$jdvpxwgqbYwmjhfh33svhuF7WZNIihLQ9Qq0KyE1VVnFZUrwc/8.O',NULL,1,0,0,'082232938849',0,'2018-09-10 08:50:12'),(507626,'bachrudin83@gmail.com','$2y$10$F.nKr9sbQqtctpDoHeYPt.H7jKRvWH9GyQSofRftu/BEMaMN/sOTC',NULL,1,0,NULL,'082298600893',0,'2018-09-08 07:56:42'),(514346,'lioechristina91@gmail.com','$2y$10$OYOzAY2wV2sIJC8HNzFi1O.YuwsS/pyCM3f1juLbiJ.tiDx44Gaoi',NULL,1,0,0,'08113554244',1,'2018-09-10 07:20:03'),(517728,'poerwantoraj@gmail.com','$2y$10$q9bor5Xt5MSs624EtGEWAezGNABegJZCQnI4sLPo8LlKgFWG.cNSe',NULL,1,0,0,'085816531008',0,'2018-09-10 04:52:17'),(518866,'panverta.playon@gmail.com','$2y$10$.SiJmD2gc3udQv6NWqcD1ux4IxBB.0EDcvcaobAQvatvDJIYVzSmO',NULL,1,1,0,'085746638089',1,'2018-09-10 05:36:11'),(519957,'dery.astrianto8@gmail.com','$2y$10$VGKv4OnvJNvO/JtWWqJBOOEeI.hR5bak9qYJEJt3CXvOwkZorXSDK',NULL,1,0,0,'085896210373',0,'2018-09-10 05:30:42'),(521331,'andrikusniawan@gmail.com','$2y$10$i/iQsGgFAW.VCg8xdgxm2.ha6m0mcEUQ/AgqTL8twfyCMjNuYlAwS',NULL,2,1,0,'08563105209',0,'2018-09-09 00:16:39'),(547457,'Daffa.ricardo271@gmail.com','$2y$10$autP6JCttmZg3HNtq8KRS.tSa0HNSceSqcImoNY5w.MSE51gVKK5i',NULL,1,1,0,'082311495550',1,'2018-09-10 05:39:06'),(571453,'siapaaya34@gmail.com','$2y$10$hhXLqtzyAgnSN2l6h8ly4u712PQ6RMdUV9CFx.jepqAE1P13eM1hS','MAHADEWI',10,1,NULL,'085606666691',1,'2018-09-08 07:56:42'),(571576,'abdurrozaq485@gmail.com','$2y$10$rubkBE80QSQelMormzp2Hu4TeKjy3IIj0g9GaT.ViZ8RyhVYP8IOC',NULL,1,0,0,'082264003202',0,'2018-09-10 08:48:46'),(575912,'danisatiajiprasetyo@gmail.com','$2y$10$.kfnx5NAOfE7eKJvN0eWlegqp5VxbwBirhBc3SYCjEWMz8GBmvNgS',NULL,1,0,0,'082225947789',1,'2018-09-10 07:45:17'),(578331,'agilsetyoadiputra@gmail.com','$2y$10$n1wdrLWrGKrxLOBzNZKg1uEWkvQKEK7/N9PwMK2Hi4I.6Zd2FpeDG',NULL,1,1,0,'081333787891',0,'2018-09-10 05:38:12'),(582024,'ynyagustina@hotmail.com','$2y$10$kDLxabf/hMGmK.V9RAQ/cORYhG5csyt7bBUClW7S5eH7cHBbZ4eqa',NULL,1,0,0,'081332229669',0,'2018-09-10 16:10:46'),(597036,'idhenz@gmail.com','$2y$10$fsqdgU9PZjWdydyXzamC/..RDTyB29exk.giNMy52Huhf82GCy2zO','RGO',2,0,NULL,'+6285695555430',1,'2018-09-08 07:56:42'),(617649,'denyanggara24@yahoo.com','$2y$10$LjnXtLKVQ4tYs6bKN.Gz6uKDNdh5k3WqtEoJiFrAtNRyrYzRWOOIq','Arpamazsc runners',3,1,0,'085646420118',0,'2018-09-10 06:32:14'),(620733,'TAbya.vira29@gmail.com','$2y$10$Rd/Oop3VOPjaJs5ZCon2uOLV1Jb4dd4JU46Y/CSLoxikIrTzQ3Y.y',NULL,1,0,0,'081252959881',0,'2018-09-10 10:53:36'),(628695,'caio.fa.riz@gmail.com','$2y$10$hynhpWN1K8ajvzbuiRjM8u3hWVZDAj3GfNM/9zpcHOx8v0EYYwWZS',NULL,1,0,NULL,'085101217318',1,'2018-09-08 07:56:42'),(633808,'deddykusumawardani@gmail.com','$2y$10$o1tIcFT1FW/ioHW4Suv.suHPFif6Xjj2D9oJWx1ak6Om7v0gDW.Mi',NULL,1,0,NULL,'082230664467',1,'2018-09-08 07:56:42'),(634795,'farisredmi55@gmail.com','$2y$10$cRdJjsV4n3fYxNMKK3/5Vuoyx2yac7HLYjiBkJIsbepYo2vqUEX8W',NULL,0,0,NULL,'0981212',0,'2018-09-08 07:56:42'),(635355,'fajarianto08@gmail.com','$2y$10$Hfa3D2WQyY3kFTTggWaAAukOsjvE5.jjh2lrazCxS1hy2uubt6IHS',NULL,1,0,NULL,'082257942370',0,'2018-09-08 07:56:42'),(640048,'widanto@ymail.com','$2y$10$Ri86uet8wQAuWpZumrzoV.Bovt.gLBxiBP3lQdTf.ur30rreNiIdG',NULL,1,0,0,'08123394497',1,'2018-09-10 03:57:24'),(649666,'fwidhiarta@gmail.com','$2y$10$CSGcPpyowWjvYhNAkuI4ZeXXiF2lCgpkDg.gCiehtUSLimUfECrQ6',NULL,1,0,NULL,'0812',1,'2018-09-08 07:56:42'),(667331,'cvedey@yahoo.com','$2y$10$TZQ8j3.Da3OahXJKLljNRu/.RPoc.E/vbLBZREQIb.bnY4Q2Yy2iW',NULL,1,1,0,'081559642264',0,'2018-09-10 12:19:15'),(673010,'hulus2000@gmail.com','$2y$10$EwZMogOKc5FMtJ7S/2KZUeyId95lMW9WtvFmMZN8KyF4VI2oe.2n.',NULL,1,0,0,'08123024514',1,'2018-09-10 09:00:42'),(676939,'fekiemanalib@gmail.com','$2y$10$OV2L/wW9wU2U7dZn21q9iuTAZNjUqfz/mCSt3yh.q3Hb7CEpzPTXe',NULL,1,0,0,'082139428500',1,'2018-09-10 08:37:29'),(677531,'lukitowahyu92@gmail.com','$2y$10$GhureeR3HUzN1kV1R5Hj2.gRnmiNfcmbGVdLU.Rgq9EkK9OO.d6zy',NULL,1,0,NULL,'081330773366',0,'2018-09-08 07:56:42'),(677663,'faizahp494@gmail.com','$2y$10$sXofThJawIS0mRi8brHF5.WlRTnx5FB0rAXyCYUO6xBa2NnVZvnMe',NULL,1,0,0,'087851819136',0,'2018-09-08 12:09:48'),(687822,'aminin828@gmail.com','$2y$10$RUVvh9kCUflqXUQ9nDl2YOLeZ0.57xevxtzNGXAtaSesOPudDRjze',NULL,1,0,0,'08813164626',0,'2018-09-10 04:18:55'),(700917,'hanynoviya08@gmail.com','$2y$10$mOc8LRe4.1xTbFVy3S5lb.bupnfd5WvsnTpzltF8.Q16F/HuZ/TKK',NULL,1,0,0,'08989727064',0,'2018-09-10 04:34:18'),(710401,'carrie_mvp@yahoo.com','$2y$10$e/PjS3pKJenU2Kn5n8SNiu9C/AAbrUsyBWhSoAXAVA1Vs54F2DPPG',NULL,1,0,0,'081333785733',0,'2018-09-10 05:45:27'),(727599,'muhamadwikidharmawan.2@gmail.com','$2y$10$IukVZGduuGKt8s4PgQ3i8OhgEzDCdqErvB0Mt5EhihwcVBBn2WBw6',NULL,1,0,0,'0816523320',0,'2018-09-10 04:38:17'),(733930,'idhenz@gmail.com','$2y$10$Jywj4YNWST5DrS.KR9ZqvO6vRZqCy171/KiQdyXsv6Mg/UwQdgUtK',NULL,1,0,0,'085755211155',1,'2018-09-09 23:51:50'),(745092,'veronicahamdani@gmail.com','$2y$10$ueoG.lDozgWt2XobzvkuveoXu0NfTDs1k8Q3ip6db9s3mry0MOhiK',NULL,1,0,NULL,'081333110906',1,'2018-09-08 07:56:42'),(746616,'mochiwanmujianto@gmail.com','$2y$10$9WZY13A.qh0Ty/v06RhNYuU1oRUVwT1TtPRyFEbK3IxYmvsJnoVVa',NULL,1,0,0,'085604745742',0,'2018-09-10 07:29:13'),(746834,'dino.astono@gmail.com','$2y$10$YUxLkNTB82m/CJMwMF4RUebOyHOKMIknqFxTgXjneDiGXNoyQdurq',NULL,1,0,0,'082228259400',0,'2018-09-10 10:39:39'),(760486,'thea.nelson@gmail.com','$2y$10$kx53PtJwrIxwVgw8GDOwS.kugjV.lbymhIqQSloirvZMLyjuf5ix6',NULL,1,0,NULL,'0818565555',1,'2018-09-08 07:56:42'),(775595,'g.trapattoni5@gmail.com','$2y$10$3HoS4Ho9VnHAYp00/TpCGObMx9nfaURFBTxg1RiY5Ux9k5hatsaGq',NULL,1,0,0,'089680533172',0,'2018-09-10 09:11:21'),(777094,'fariswidhiarta123@gmail.com','$2y$10$wSB8YqOsetwqhWvpYUOfQe6FblFRVGxiU8XHsSn9JPLqIW4sHT6sG',NULL,0,1,NULL,'08982382323',1,'2018-09-08 07:56:42'),(777137,'tututw.office@gmail.com','$2y$10$ELjs1XTN/l9jKCA64cqqneKbi6XH9dSucqtPgZMMDcrZxUtZgNlLq',NULL,1,0,0,'082334881680',0,'2018-09-10 11:08:45'),(777782,'silvismart70@gmail.com','$2y$10$pFbdSbEeixH/.DZxBkr2Y.hlKtFs417jYELypkseuIPUTojo7BsZW',NULL,1,0,0,'082231730070',0,'2018-09-10 11:44:31'),(785257,'ammarridhoabdullah@yahoo.com','$2y$10$wOM0.9r7BYljVK.gf8xTHeCycKOONEHhTsfHYot7gb5EqoVD8nYwu',NULL,1,0,0,'081217257901',0,'2018-09-10 12:26:00'),(791322,'hendra@smkn5malang.sch.id','$2y$10$dl7FAZUn9Cbn1TJefQF0TevJxTarb1xYoJ7O6msAZw0t5cDb2f.xW','WISMILAK',10,1,NULL,'081232081233',1,'2018-09-08 07:56:42'),(796862,'abdurrozaq485@gmaul.com','$2y$10$NFrAhbcTi2sYpnycSEwfAOOIbm0YEdCHdQuI50jMyAryj0TM9lJ5G',NULL,1,0,0,'6282264003202',0,'2018-09-10 03:57:40'),(805339,'helmi.fauzan983@gmail.com','$2y$10$cw7Z.XsoFKOrIH7mTaMiGuIWCK0PxicJZhhKxx9urFfhU0OjEq39u',NULL,1,0,0,'082247377115',0,'2018-09-10 05:21:23'),(806508,'ezypayid@gmail.com','$2y$10$QtJKHnhMyfNdTedGuXOJ9.Yss0NybWShwAA4spR9MD52NV7J/Qn7.',NULL,1,0,NULL,'0811272909',1,'2018-09-08 07:56:42'),(809387,'firdhafau@gmail.com','$2y$10$G4Vn.zRq69SI9V.TLngtQuJKEJlK5hshEf7dOfXTqkjurfa3DShs2',NULL,1,0,NULL,'081380482112',0,'2018-09-08 07:56:42'),(812877,'andre@smkn5malang.sch.id','$2y$10$VHLPIo2EhFaDSI9hc9AwYO6fBxvH/NTpN00CklUaIBaldHuTKyPNS',NULL,1,0,0,'081249698448',0,'2018-09-10 00:18:08'),(856012,'hafil912@gmail.com','$2y$10$JIk7Eb///s76.TDJV/qqDOtDxbbPsGtMBDLxip/UUFK14BnWokmgW',NULL,1,0,0,'081334136734',0,'2018-09-10 09:26:49'),(857211,'vickyripora21@gmail.com','$2y$10$YpyAdHvJMitMC560nw30FuFkbkRLg4wm8RJvt8Us9IUoSqpK1MrHm',NULL,1,0,0,'081330441010',0,'2018-09-10 07:15:36'),(870194,'novytriandrianto@gmail.com','$2y$10$txAJNdEpz2tqilFVTkVVfOQkhikwxusvqxKNAD.BZs865pmwatLwG',NULL,1,0,0,'085730347305',0,'2018-09-10 10:58:31'),(879738,'merahkode@gmail.com','$2y$10$3GP5vjFXFLxPxF7WG1TQLeiZrR8ZNnMrY2YtDlLPonR1sav5K.nGS','KOMUNITAS REMBANG BANGKIT',3,1,NULL,'08982382323',1,'2018-09-08 07:56:42'),(907875,'fariswidhi32@gmail.com','$2y$10$fa50TRc5NToH3U3xv9hP1OsYEJyIbERvEhzoqD0zqBM8TrU4gWf2O',NULL,0,0,NULL,'08912919219',1,'2018-09-08 07:56:42'),(913695,'ihsanmuhiccang02@gmail.com','$2y$10$oqOhDwDoiBHvIPYEndvrwOUUwgzq1SS9eR/l16FrHm5nEci4ww9du',NULL,1,0,0,'082349808595',0,'2018-09-10 04:46:18'),(927725,'afifakbar8@gmail.com','$2y$10$o3TmTceiMPu6dO79LctJwOERaZG2HqDv7yan6C.LmiI8QuOauKZ9O',NULL,1,0,0,'081998973767',0,'2018-09-10 04:19:54'),(930893,'mastercho90@gmail.com','$2y$10$/M.9JqNzs7ixZYTuUMC6ZeCi17OrxmUzqRujSYN/pgPwzIdGhwmLS',NULL,1,0,NULL,'085640909090',1,'2018-09-08 07:56:42'),(941567,'evi.fridayani@yahoo.com','$2y$10$1ptuIcH.kPCiJkQYl9qZaeOYU1ti31KeEAq0iWms.HK4Kmmx9.P5u',NULL,1,0,0,'081358080380',1,'2018-09-10 12:32:35'),(969575,'ahmad.ishlahuridho@gmail.com','$2y$10$DvexnoR/xOfUytGFsLLCLuOBrvqAmxrNikZe.47ZxOlefuY65/bQ6',NULL,1,0,0,'085755733193',1,'2018-09-10 12:02:22'),(987814,'mluqmaan08@gmail.com','$2y$10$GHjAraco2YyJZoKuWajEPeY9wQu0drxbPhxkh5hXv2A11DBoci1HK',NULL,1,0,0,'083835951345',1,'2018-09-10 03:22:45'),(990115,'djfr3ze@gmail.com','$2y$10$JimNPXYXfvQ0lNTIQ.uM.eVi4t9N4/bDTRRin0m6dv77mdcv2rghi',NULL,1,0,0,'081803271987',1,'2018-09-10 07:00:44');
/*!40000 ALTER TABLE `login_member` ENABLE KEYS */;
UNLOCK TABLES;

--
-- Table structure for table `negara`
--

DROP TABLE IF EXISTS `negara`;
/*!40101 SET @saved_cs_client     = @@character_set_client */;
/*!40101 SET character_set_client = utf8 */;
CREATE TABLE `negara` (
  `id` int(4) NOT NULL AUTO_INCREMENT,
  `nama` varchar(100) DEFAULT NULL,
  PRIMARY KEY (`id`)
) ENGINE=InnoDB AUTO_INCREMENT=247 DEFAULT CHARSET=latin1;
/*!40101 SET character_set_client = @saved_cs_client */;

--
-- Dumping data for table `negara`
--

LOCK TABLES `negara` WRITE;
/*!40000 ALTER TABLE `negara` DISABLE KEYS */;
INSERT INTO `negara` VALUES (1,'Indonesia'),(2,'Afghanistan'),(3,'Albania'),(4,'Algeria'),(5,'American Samoa'),(6,'Andorra'),(7,'Angola'),(8,'Anguilla'),(9,'Antarctica'),(10,'Antigua and Barbuda'),(11,'Argentina'),(12,'Armenia'),(13,'Aruba'),(14,'Australia'),(15,'Austria'),(16,'Azerbaijan'),(17,'Bahamas'),(18,'Bahrain'),(19,'Bangladesh'),(20,'Barbados'),(21,'Belarus'),(22,'Belgium'),(23,'Belize'),(24,'Benin'),(25,'Bermuda'),(26,'Bhutan'),(27,'Bolivia'),(28,'Bosnia and Herzegovina'),(29,'Botswana'),(30,'Bouvet Island'),(31,'Brazil'),(32,'British Indian Ocean Territory'),(33,'Brunei Darussalam'),(34,'Bulgaria'),(35,'Burkina Faso'),(36,'Burundi'),(37,'Cambodia'),(38,'Cameroon'),(39,'Canada'),(40,'Cape Verde'),(41,'Cayman Islands'),(42,'Central African Republic'),(43,'Chad'),(44,'Chile'),(45,'China'),(46,'Christmas Island'),(47,'Cocos (Keeling Islands'),(48,'Colombia'),(49,'Comoros'),(50,'Congo'),(51,'Cook Islands'),(52,'Costa Rica'),(53,'Croatia (Hrvatska'),(54,'Cuba'),(55,'Cyprus'),(56,'Czech Republic'),(57,'Denmark'),(58,'Djibouti'),(59,'Dominica'),(60,'Dominican Republic'),(61,'East Timor'),(62,'Ecuador'),(63,'Egypt'),(64,'El Salvador'),(65,'Equatorial Guinea'),(66,'Eritrea'),(67,'Estonia'),(68,'Ethiopia'),(69,'Falkland Islands (Malvinas'),(70,'Faroe Islands'),(71,'Fiji'),(72,'Finland'),(73,'France'),(74,'France, Metropolitan'),(75,'French Guiana'),(76,'French Polynesia'),(77,'French Southern Territories'),(78,'Gabon'),(79,'Gambia'),(80,'Georgia'),(81,'Germany'),(82,'Ghana'),(83,'Gibraltar'),(84,'Guernsey'),(85,'Greece'),(86,'Greenland'),(87,'Grenada'),(88,'Guadeloupe'),(89,'Guam'),(90,'Guatemala'),(91,'Guinea'),(92,'Guinea-Bissau'),(93,'Guyana'),(94,'Haiti'),(95,'Heard and Mc Donald Islands'),(96,'Honduras'),(97,'Hong Kong'),(98,'Hungary'),(99,'Iceland'),(100,'India'),(101,'Isle of Man'),(102,'Iran '),(103,'Iraq'),(104,'Ireland'),(105,'Israel'),(106,'Italy'),(107,'Ivory Coast'),(108,'Jersey'),(109,'Jamaica'),(110,'Japan'),(111,'Jordan'),(112,'Kazakhstan'),(113,'Kenya'),(114,'Kiribati'),(115,'Korea, Democratic People\'s Republic of'),(116,'Korea, Republic of'),(117,'Kosovo'),(118,'Kuwait'),(119,'Kyrgyzstan'),(120,'Lao Peoples Democratic Republic'),(121,'Latvia'),(122,'Lebanon'),(123,'Lesotho'),(124,'Liberia'),(125,'Libyan Arab Jamahiriya'),(126,'Liechtenstein'),(127,'Lithuania'),(128,'Luxembourg'),(129,'Macau'),(130,'Macedonia'),(131,'Madagascar'),(132,'Malawi'),(133,'Malaysia'),(134,'Maldives'),(135,'Mali'),(136,'Malta'),(137,'Marshall Islands'),(138,'Martinique'),(139,'Mauritania'),(140,'Mauritius'),(141,'Mayotte'),(142,'Mexico'),(143,'Micronesia, Federated States of'),(144,'Moldova, Republic of'),(145,'Monaco'),(146,'Mongolia'),(147,'Montenegro'),(148,'Montserrat'),(149,'Morocco'),(150,'Mozambique'),(151,'Myanmar'),(152,'Namibia'),(153,'Nauru'),(154,'Nepal'),(155,'Netherlands'),(156,'Netherlands Antilles'),(157,'New Caledonia'),(158,'New Zealand'),(159,'Nicaragua'),(160,'Niger'),(161,'Nigeria'),(162,'Niue'),(163,'Norfolk Island'),(164,'Northern Mariana Islands'),(165,'Norway'),(166,'Oman'),(167,'Pakistan'),(168,'Palau'),(169,'Palestine'),(170,'Panama'),(171,'Papua New Guinea'),(172,'Paraguay'),(173,'Peru'),(174,'Philippines'),(175,'Pitcairn'),(176,'Poland'),(177,'Portugal'),(178,'Puerto Rico'),(179,'Qatar'),(180,'Reunion'),(181,'Romania'),(182,'Russian Federation'),(183,'Rwanda'),(184,'Saint Kitts and Nevis'),(185,'Saint Lucia'),(186,'Saint Vincent and the Grenadines'),(187,'Samoa'),(188,'San Marino'),(189,'Sao Tome and Principe'),(190,'Saudi Arabia'),(191,'Senegal'),(192,'Serbia'),(193,'Seychelles'),(194,'Sierra Leone'),(195,'Singapore'),(196,'Slovakia'),(197,'Slovenia'),(198,'Solomon Islands'),(199,'Somalia'),(200,'South Africa'),(201,'South Georgia South Sandwich Islands'),(202,'South Sudan'),(203,'Spain'),(204,'Sri Lanka'),(205,'St. Helena'),(206,'St. Pierre and Miquelon'),(207,'Sudan'),(208,'Suriname'),(209,'Svalbard and Jan Mayen Islands'),(210,'Swaziland'),(211,'Sweden'),(212,'Switzerland'),(213,'Syrian Arab Republic'),(214,'Taiwan'),(215,'Tajikistan'),(216,'Tanzania, United Republic of'),(217,'Thailand'),(218,'Togo'),(219,'Tokelau'),(220,'Tonga'),(221,'Trinidad and Tobago'),(222,'Tunisia'),(223,'Turkey'),(224,'Turkmenistan'),(225,'Turks and Caicos Islands'),(226,'Tuvalu'),(227,'Uganda'),(228,'Ukraine'),(229,'United Arab Emirates'),(230,'United Kingdom'),(231,'United States'),(232,'United States minor outlying islands'),(233,'Uruguay'),(234,'Uzbekistan'),(235,'Vanuatu'),(236,'Vatican City State'),(237,'Venezuela'),(238,'Vietnam'),(239,'Virgin Islands (British'),(240,'Virgin Islands (U.S.'),(241,'Wallis and Futuna Islands'),(242,'Western Sahara'),(243,'Yemen'),(244,'Zaire'),(245,'Zambia'),(246,'Zimbabwe');
/*!40000 ALTER TABLE `negara` ENABLE KEYS */;
UNLOCK TABLES;

--
-- Table structure for table `personal_detail`
--

DROP TABLE IF EXISTS `personal_detail`;
/*!40101 SET @saved_cs_client     = @@character_set_client */;
/*!40101 SET character_set_client = utf8 */;
CREATE TABLE `personal_detail` (
  `id` int(8) NOT NULL AUTO_INCREMENT,
  `id_login_member` varchar(16) DEFAULT NULL,
  `nik` varchar(20) DEFAULT NULL,
  `nama_awal` varchar(50) DEFAULT NULL,
  `nama_akhir` varchar(50) DEFAULT NULL,
  `jk` int(1) DEFAULT NULL,
  `gol_darah` varchar(2) DEFAULT NULL,
  `tgl_lahir` date DEFAULT NULL,
  `nohp` varchar(15) DEFAULT NULL,
  `alamat` varchar(255) DEFAULT NULL,
  `foto_ktp` varchar(30) DEFAULT NULL,
  `id_provinsi` int(11) DEFAULT NULL,
  `id_kota` int(5) DEFAULT NULL,
  `nasionality` int(3) DEFAULT '62' COMMENT 'id_negara',
  `residence` int(3) DEFAULT '62' COMMENT 'lokasi tempat tinggal',
  PRIMARY KEY (`id`)
) ENGINE=InnoDB AUTO_INCREMENT=74 DEFAULT CHARSET=latin1;
/*!40101 SET character_set_client = @saved_cs_client */;

--
-- Dumping data for table `personal_detail`
--

LOCK TABLES `personal_detail` WRITE;
/*!40000 ALTER TABLE `personal_detail` DISABLE KEYS */;
INSERT INTO `personal_detail` VALUES (15,'620102','123213','Budiawan',NULL,1,'B','1950-06-12','089212312','Rembang','1536388554620102.png',33,3317,1,1),(16,'879738','12312','Awal','Udin',1,'B','2000-12-12','08921312','Rermbang','1536393921879738.png',33,3317,1,1),(17,'628695','357828100578','Cahyo Dwi','Putranto',1,'AB','1978-05-10','085101217318','Jl permata timur b4 4 graha bunder asri Kebomas',NULL,35,3525,1,1),(18,'745092','3573036812930003','Venny Ferari','Veronica',2,'B','1993-12-28','081333110906','Malang','1536407839745092.jpg',35,3573,1,1),(19,'677663','3579031002070106','Faizah','Putri',2,'O','2003-02-10','087851819136','Jl. Sarimun gg 3 no 21 rt 3 rw 2 beji kota batu',NULL,35,3573,1,1),(20,'521331','3573030605880010','ANDRI','KUSNIAWAN',1,'O','1988-05-06','08563105209','Perum Bulan Terang Utama UJ 19 no 16 Madyopuro Kedungkandang','1536452862521331.jpg',35,3573,1,1),(21,'521331','3573050910830001','ANDRI','MULYANTO',1,'B','1983-10-09','08563537855','Jl. Kembang Turi no 17 Jatimulyo Lowokwaru','1536455687521331.jpeg',35,3573,1,1),(22,'167215','3507182109970005','Ro','Syi',2,'A','1998-08-08','082213933187','Jalan jalan','1536474727167215.png',35,3573,1,1),(23,'597036',NULL,'Hendra','Saputra',1,'A','1998-02-01','085695555430','Jl Bantaran','1536474733597036.png',35,3573,1,1),(24,'597036','35730522018','Budi','Jos',1,'A','1980-01-22','081232081233','MALANG','1536497802597036.jpg',35,3579,1,1),(25,NULL,'3573052201870002','HENDRA','S',1,'A','1988-02-01','085695555430','Jl Bantaran','1536499127.jpg',35,3579,1,1),(26,'733930','3507181501920001','Samsul','Arifin',1,'O','1992-01-15','085755211155','Jl. Mendit Utara No.09 RT.01 RW.08 Ds. Mangliawan, Kec. Pakis, Kab. Malang 65154','1536537958733930.jpg',35,3507,1,1),(27,'812877','3573042604800004','wahyu','andreas',1,'AB','1980-04-26','081249698448','jl. janti barat blok c12','1536539414812877.jpeg',35,3573,1,1),(28,'167215','3507182109970003','Muhammad','Syi',1,'B','1991-05-25','085695555430','Jalan','1536542249167215.jpg',35,3507,1,1),(29,'224421','3573033107890007','Jemmy','Sinurat',1,'B','1989-07-31','08117331789','JL. DANAU SEMAYANG E1G NO. 15 MALANG','1536557010224421.JPG',35,3573,1,1),(30,'149341','3521104704910001','ika putri','rachmawati',2,'B','1991-07-04','082334604941','Jl Titan Asri V Blok C No 1',NULL,35,3573,1,1),(31,'428976','3515130109920003','Masykur','Fuadz',1,'O','1992-01-09','085755391114','Jl Simowau Indah E/13 Taman Sepanjang Sidoarjo',NULL,35,3515,1,1),(32,'238754','3516040806780003','Ardi','Santoso',1,'O','1978-06-08','085711034845','Jl. Pegadaian no 03 purwosari pasurun 67162 jawa timur','1536551428238754.png',35,3514,1,1),(33,'640048','3573011112710002','Widanto',NULL,1,'B','1971-12-11','08123394497','Jl. Candi Kalasan 2 no 8\r\nMalang 65125','1536552297640048.jpeg',35,3573,1,1),(34,'687822','3517112402920001','Achmad S','Almuminin',1,'B','1992-02-24','08813164626','Ploso kerep 02/04 sumobito jombang',NULL,35,3517,1,1),(35,'727599','3515010203910001','Muhamad','Dwiki Dharmawan',1,'A','1991-03-02','0816523320','Dsn. Tarik Lor Gg. Masjid RT. 15 RW. 04',NULL,35,3515,1,1),(36,'208004','3517060202960003','Muhammad Khoirur','Roziqin',1,'B','1996-02-02','085755506525','Jl. Sadewo RT 005 RW 004 Desa Tejo Kecamatan Mojoagung','1536558160208004.jpg',35,3517,1,1),(37,'805339','3573020705980007','Helmi Rakha','Fauzan Pratama',1,'O','1998-05-07','082247377115','Jalan Kusuma Atmaja no 21 RT 01 RW 01 Desa Bangunsari kec Pacitan',NULL,35,3501,1,1),(38,'518866','351409130389','Sulistiono','Sulistiono',1,'O','1989-03-13','+6285746638089','Dusun karangsono rt 01 rw 06 no 26 desa karangsono kec. Sukorejo',NULL,35,3514,1,1),(39,'547457','3501050411000002','Daffa','Ricardo',1,'O','2000-11-04','082311495550','RT 03 RW 04 Dusun Bolo Desa Kebonagung Kabupaten Pacitan Jawa timur Indonesia',NULL,35,3501,1,1),(40,'378764','3522105201890001','Diah','Triatmi',2,'B','1989-01-12','085648493416','Dsn. Mongkrong Ds. Baureno Bojonegoro','1536558512378764.jpg',35,3522,1,1),(41,'710401','3573017005920008','CARRIE','MEIRIZA',2,'O','1992-05-30','081333785733','JLN. CANDI BAJANG RATU INSIDE KAV. 14, BLIMBING - MALANG',NULL,35,3573,1,1),(42,'990115','3574030207870003','Yulius eduardo','Soenardi',1,'O','1987-07-02','081803271987','Jl. Imam Bonjol 39','1536563730990115.jpg',35,3574,1,1),(43,'514346','3578045805910002','Lioe Christina','Lioesiana',2,'B','1991-05-18','08113554244','Jl. Imam bonjol 39','1536565591514346.jpg',35,3574,1,1),(44,'575912','3578192105840005','Dani Satiaji','Prasetyo',1,'O','1984-05-21','082225947789','Perum Griya Citra Asri Blok RM 21 No. 22-23 Benowo Kota Surabaya',NULL,35,3578,1,1),(45,'857211','3515142508930004','vicky','moh maulana',1,'O','1993-08-21','081330441010','sukodono',NULL,35,3515,1,1),(46,'676939','3502170703860005','Fekie','Manalib',1,'O','1986-03-07','082139428500','Jl. Raya Darmo Baru Barat No. 73','1536568757676939.jpg',35,3578,1,1),(47,'276345','3507185806930006','Rendri','Yuniarti',2,'A','1993-06-18','081217011860','Taman anggrek asrikaton j20',NULL,35,3507,1,1),(48,'478852','3573011512810011','Denny','Maliantomo',1,'B','1981-12-15','081336729221','Pandanwangi Park kav 18 malang','1536569374478852.jpg',35,3573,1,1),(49,'245943','3517102507010004','Dekrito Neonatus','Alfonso',1,NULL,'2001-07-25','085852228800','Mancar Timur Rt.15 Rw.01 No.27 Peterongan Jombang','1536571674245943.jpg',35,3517,1,1),(50,'279082','3573012001810004','Maksud','.',1,'O','1981-01-20','0816550123','Jl. Jodipan Wetan IV no. 2101','1536571607279082.jpg',35,3573,1,1),(51,'493567','3514170605970001','Setyo','Dwi wahyu',1,'O','1997-05-05','082232938849','Ds.Warungdowo Perumahan Pondok Asri Kantor KSU. HARAPAN KITA B.12 rt.001 rw.004\r\nKec. Pohjentrek, Kab. Pasuruan, Jawa Timur','1536569901493567.jpeg',35,3514,1,1),(52,'673010','3515180908730008','Suluh','Riawan',1,'AB','1973-09-08','08123024514','Jl. Garuda IX/17 Rewwin Waru Sidoarjo','1536570350673010.jpg',35,3515,1,1),(53,'267043','3573012109800009','Mohan','Ayusta',1,'B','1980-09-21','0817388600','Jalan Plaosan Barat 26 B Kota Malang','1536571714267043.jpg',35,3573,1,1),(54,'571576','891215261287','Abdurrozaq','Abdurrozaq',1,'B','1989-12-28','082264003202','jl.Sumber Waras Ganjaran kec. Gondanglegi kab. Malang','1536570965571576.jpeg',35,3507,1,1),(55,'318086','3506254101840009','Wina','Warida',2,'A','1984-01-01','081335075555','Kediri','1536573113318086.jpg',35,3506,1,1),(56,'225128','3573012611800003','Edwin','Rosyadi',1,'B','1980-11-26','08980336633','Jl hamid rusdi 3 no 225a','1536572697225128.jpg',35,3573,1,1),(57,'617649','3514112408910001','Deny agus','Anggara',1,'B','1991-08-24','085646420118','Dsn. Sukorejo - Ds. Karang Jati - kec. Pandaan - kab. Pasuruan',NULL,35,3514,1,1),(58,'620733','12156','Vira','Tabya',2,'O','2001-03-28','081252959881','Jl.pahlawan barat kebonsari tumpang','1536577168620733.jpg',35,3507,1,1),(59,'746834','3506171904830003','Dino','Astono',1,NULL,'1983-04-19','082228259400',NULL,NULL,NULL,NULL,1,1),(60,'777782','KTP','Silvi','Restu',2,'B','1977-12-08','082231730070','Puri indah h2/9a oro oro ombo batu',NULL,35,3579,1,1),(61,'401003','517182','Risa akbar','Buana',2,'B','1999-04-27','082257754446','Kepanjen',NULL,35,3507,1,1),(62,'472714','3525101706980006','Wahid Rizal','David Mahendra',1,'A','1998-06-17','081331748235','Jalan samarinda 1 no 90 GKB','1536580967472714.jpg',35,3525,1,1),(63,'969575','3516080802980002','Ahmad','Ridho',1,'A','1998-02-08','085755733193','Dsn.tuwiri rt 01 rw 09 ds. seduri kec mojosari kab mojokerto','1536584306969575.jpg',35,3516,1,1),(64,'667331','350000789879990','vero','nica',2,'B','2013-10-10','081559642264','Malang',NULL,11,NULL,1,1),(65,'356409','3524164603860001','Eka Marta','Puspita Rini',2,'O','1986-03-06','08113338994','Medayu Utara 27 D /31 A Rungkut',NULL,35,3578,1,1),(66,'617649','3514112707900006','Mukhammad','Ismail',1,'B','1990-07-27','08983851990','Link. Plumbon - pandaan',NULL,35,3514,1,1),(67,'633808','931215440288','Deddy','Kusuma Wardani',1,'A','1993-12-19','082230664467','Jln Melati, Dsn Ngumpul Lor, Kec Balong, Kab Ponorogo','1536585914633808.jpg',35,3502,1,1),(68,'167215',NULL,'Muhammad','Najmul',1,'A','1996-07-17','082213933187','Jalan','1536586417167215.jpg',15,1501,1,1),(69,'617649','3514110606950003','Muhamad','Fajar shodiq',1,'B','1995-06-06','08563542014','Link. Dukuh - kutorejo - pandaan',NULL,35,3514,1,1),(70,'158758','3507062909940001','M Farit','Wijayanto',1,'B','1994-09-29','082213149441','DS lebakharjo kec Ampelgading','1536588030158758.jpg',35,3507,1,1),(71,'155014','3515064511890001','Fadilla delima','Sandi',2,'B','1989-11-05','081330417569','JL KI HAJAR DEWANTARA GANG 1 no 32','1536589889155014.jpeg',35,3517,1,1),(72,'357501','3515110111880004','Muhammad','Syafii',1,'B','1988-11-01','082143240134','Krian - sidoarjo','1536590723357501.png',35,3515,1,1),(73,'582024','3578274209910001','Yenny','Agustina',2,'O','1991-09-02','081332229669','Tanjungsari Baru 8','1536596161582024.JPG',35,3578,1,1);
/*!40000 ALTER TABLE `personal_detail` ENABLE KEYS */;
UNLOCK TABLES;

--
-- Table structure for table `provinsi`
--

DROP TABLE IF EXISTS `provinsi`;
/*!40101 SET @saved_cs_client     = @@character_set_client */;
/*!40101 SET character_set_client = utf8 */;
CREATE TABLE `provinsi` (
  `id` int(2) DEFAULT NULL,
  `nama` varchar(100) DEFAULT NULL
) ENGINE=InnoDB DEFAULT CHARSET=latin1;
/*!40101 SET character_set_client = @saved_cs_client */;

--
-- Dumping data for table `provinsi`
--

LOCK TABLES `provinsi` WRITE;
/*!40000 ALTER TABLE `provinsi` DISABLE KEYS */;
INSERT INTO `provinsi` VALUES (11,'ACEH'),(12,'SUMATERA UTARA'),(13,'SUMATERA BARAT'),(14,'RIAU'),(15,'JAMBI'),(16,'SUMATERA SELATAN'),(17,'BENGKULU'),(18,'LAMPUNG'),(19,'KEPULAUAN BANGKA BELITUNG'),(21,'KEPULAUAN RIAU'),(31,'DKI JAKARTA'),(32,'JAWA BARAT'),(33,'JAWA TENGAH'),(34,'DI YOGYAKARTA'),(35,'JAWA TIMUR'),(36,'BANTEN'),(51,'BALI'),(52,'NUSA TENGGARA BARAT'),(53,'NUSA TENGGARA TIMUR'),(61,'KALIMANTAN BARAT'),(62,'KALIMANTAN TENGAH'),(63,'KALIMANTAN SELATAN'),(64,'KALIMANTAN TIMUR'),(65,'KALIMANTAN UTARA'),(71,'SULAWESI UTARA'),(72,'SULAWESI TENGAH'),(73,'SULAWESI SELATAN'),(74,'SULAWESI TENGGARA'),(75,'GORONTALO'),(76,'SULAWESI BARAT'),(81,'MALUKU'),(82,'MALUKU UTARA'),(91,'PAPUA BARAT'),(94,'PAPUA');
/*!40000 ALTER TABLE `provinsi` ENABLE KEYS */;
UNLOCK TABLES;

--
-- Table structure for table `regis_participant_id_event`
--

DROP TABLE IF EXISTS `regis_participant_id_event`;
/*!40101 SET @saved_cs_client     = @@character_set_client */;
/*!40101 SET character_set_client = utf8 */;
CREATE TABLE `regis_participant_id_event` (
  `id_form_participant` int(8) DEFAULT NULL,
  `tgl_regis` datetime DEFAULT NULL,
  `status_fasilitas` int(1) DEFAULT '1' COMMENT '1=Lengkap, 0=Kurang',
  `isi_fasilitas` varchar(200) DEFAULT NULL,
  `id_panitia` int(5) DEFAULT NULL,
  `kode_validasi` varchar(200) DEFAULT NULL
) ENGINE=InnoDB DEFAULT CHARSET=latin1;
/*!40101 SET character_set_client = @saved_cs_client */;

--
-- Dumping data for table `regis_participant_id_event`
--

LOCK TABLES `regis_participant_id_event` WRITE;
/*!40000 ALTER TABLE `regis_participant_id_event` DISABLE KEYS */;
/*!40000 ALTER TABLE `regis_participant_id_event` ENABLE KEYS */;
UNLOCK TABLES;

--
-- Table structure for table `rekening`
--

DROP TABLE IF EXISTS `rekening`;
/*!40101 SET @saved_cs_client     = @@character_set_client */;
/*!40101 SET character_set_client = utf8 */;
CREATE TABLE `rekening` (
  `id` int(11) NOT NULL AUTO_INCREMENT,
  `kode_bank` varchar(10) NOT NULL,
  `nama_pemilik` varchar(100) NOT NULL,
  `no_rekening` varchar(20) DEFAULT NULL,
  `id_event` int(11) NOT NULL,
  PRIMARY KEY (`id`)
) ENGINE=InnoDB AUTO_INCREMENT=9 DEFAULT CHARSET=latin1;
/*!40101 SET character_set_client = @saved_cs_client */;

--
-- Dumping data for table `rekening`
--

LOCK TABLES `rekening` WRITE;
/*!40000 ALTER TABLE `rekening` DISABLE KEYS */;
INSERT INTO `rekening` VALUES (5,'014','Antonius Angky Indradata','0190653200',42),(7,'014','Antonius Angky Indradata','0190653200',44),(8,'014','WIDYA PAMELA KRERINA','0190652858',45);
/*!40000 ALTER TABLE `rekening` ENABLE KEYS */;
UNLOCK TABLES;

--
-- Table structure for table `token_registration`
--

DROP TABLE IF EXISTS `token_registration`;
/*!40101 SET @saved_cs_client     = @@character_set_client */;
/*!40101 SET character_set_client = utf8 */;
CREATE TABLE `token_registration` (
  `id` int(11) NOT NULL AUTO_INCREMENT,
  `token` text NOT NULL,
  `userid` varchar(100) NOT NULL,
  `created_at` timestamp NOT NULL DEFAULT CURRENT_TIMESTAMP,
  PRIMARY KEY (`id`)
) ENGINE=InnoDB AUTO_INCREMENT=98 DEFAULT CHARSET=latin1;
/*!40101 SET character_set_client = @saved_cs_client */;

--
-- Dumping data for table `token_registration`
--

LOCK TABLES `token_registration` WRITE;
/*!40000 ALTER TABLE `token_registration` DISABLE KEYS */;
INSERT INTO `token_registration` VALUES (22,'pkp8J8PcIINjCPI3zuGiNWPj11mPl8nU9tBLSsTC','620102','2018-09-08 13:32:34'),(23,'CTP69KRRGqrgM5MF8jO3Cdt2dhIMrkYbDnIoIK7c','232857','2018-09-08 08:56:22'),(24,'S42VtNPeJ5FE2893ehST6nbPAKLkLIJktXWqb3wZ','628695','2018-09-08 09:27:21'),(25,'T9rUNUeOa60EeIwq3ceFeve3Mh8b9WReO4Re6ET4','677663','2018-09-08 12:09:48'),(26,'ou8YFg6NujLwUeLnb86HqfEPKc3MBshqcwsrmTxm','221154','2018-09-08 12:46:57'),(27,'h57gNGBwJZdWGaK6oXevW7aji12TELtRkMqyAFpW','521331','2018-09-09 00:16:39'),(28,'TSKrunyRJ6qEcJ1M32sRrgJlgPKySsWO42VkEBW5','733930','2018-09-09 23:51:50'),(29,'zY7LclxnZsUI7eOyqUJWFqtoItCL6zwVKLQbjydR','812877','2018-09-10 00:18:08'),(30,'SmPGiHabTMz8MZSTci45a1QvtHppRqilBzDTS5fb','987814','2018-09-10 03:22:45'),(31,'qx9nQ7ZlmG8dB8Fg8ZOzAOpsWKMfaVE4CXVGE08v','149341','2018-09-10 03:24:55'),(32,'IaK3KyovU7bFLIlz4oyNViEs4KwJW5kN3swlmDxa','224421','2018-09-10 03:30:26'),(33,'uEeCHCaaSd7n3u7YtHLDArM9liZO2MNMQIh4up9b','238754','2018-09-10 03:41:11'),(34,'l0u0WfP5kMCTNGf94omkBy3zmPV6YHYSUaCHtAMc','428976','2018-09-10 03:42:23'),(35,'p612auFuVAGEPwpDl7AaY8ybg0FYqgXZeIBrHtUc','372604','2018-09-10 03:45:07'),(36,'xI2lepoIMyBknxQfUl9r5NEqhdPwDRyYDDDm8wYf','640048','2018-09-10 03:57:24'),(37,'TgS4BEElBcgEdqP195BdIPUUeKpFci29Q3usU8TF','796862','2018-09-10 03:57:40'),(38,'85j6ioJ1KcUQtVBq5FAZvZKNWtFFbQLU3VuDmt1R','413530','2018-09-10 03:59:20'),(39,'guDGPMzKdwdY1g8ToT56gGuYo8wyaT3O0XVztaif','687822','2018-09-10 04:18:55'),(40,'5uMUHzKHLLlGnDodKGS7Aswp1qfTd2gQ6cZMR6Wg','927725','2018-09-10 04:19:54'),(41,'QrzVePQvvXBrhWk5QSMm7aFaimjoR4p3oBuhIooA','700917','2018-09-10 04:34:18'),(42,'kw89y81KBEdCFTjGkV8hXDaUPdYhAWf0w4GK88BX','727599','2018-09-10 04:38:17'),(43,'Q5lpeqK3mAq91xkL4JgxBQGzTceMfM7rPoynMsVm','913695','2018-09-10 04:46:18'),(44,'I7HU0VQEMYQnc82HpWih74zRqHeHm78EFKYNxNhb','147853','2018-09-10 04:50:50'),(45,'iSxaVBTkxyWcrfMUaNotrKYNmA3o9RtBa2rp9Nk3','401003','2018-09-10 04:51:37'),(46,'w8H29ggBul3u9gdcUgUc8yqTVThgK1z7gucnpi25','517728','2018-09-10 04:52:17'),(47,'Vi5d7KoHH84e1W24DZsZM4tDj0PveaTraDYWYs7O','158221','2018-09-10 05:15:42'),(48,'V48mU7Epu40N9a2Z2ayrlzdJ7aI7gE3fsSI9DLfY','805339','2018-09-10 05:21:23'),(49,'bIAdvhjQGl0bJPdPJRem4ZDlSabMwtlCnuDHOTVJ','519957','2018-09-10 05:30:42'),(50,'YNPWztuQVOS5q972mNZChTw0Elu268CoEkn0Z0WF','518866','2018-09-10 05:36:11'),(51,'Me0pS1bqHJU66XBJcHRfY80YNAGqAzrdf9NZhuJu','578331','2018-09-10 05:38:12'),(52,'s95k4hIPMBhXTxTsV2PqJhmNUfJfHvm9BKZUDJ81','547457','2018-09-10 05:39:06'),(53,'B32vil3nj9VW09auLH2nsIes8QrflflHrJJ3BaWT','378764','2018-09-10 05:42:18'),(54,'HVgMar5gwdFFlOZVnwx1bHq4RJ0Ju3xoYxlGn1GC','710401','2018-09-10 05:45:27'),(55,'8KcxVh14KOTYDKAChcLIMXRUFM4j24alBCfTAwEm','242637','2018-09-10 06:17:29'),(56,'XDwlTYVIbWGFWhVlOhOSIEhiWKT230lOr8uCEIAN','617649','2018-09-10 06:32:14'),(57,'3nYwdACTCfTc3BVRiokaJBroZQzepc3l9yJ1kkTG','990115','2018-09-10 07:00:44'),(58,'LTkp6iBCpzeHTckaorGar2mnzZZvxxINrVpfeds3','857211','2018-09-10 07:15:36'),(59,'apM1WNEh23AhMknHV1lQBDkPDQi9CTlXQcjWN4wC','514346','2018-09-10 07:20:03'),(60,'EwvTvKxPcm4oO5q0GCLJ3ZwTM0KmrXc4iauUFVRn','746616','2018-09-10 07:29:13'),(61,'wuAkSHDr4ZCGF6I1dXoSUUo8Fa94dcfhI7LofJLv','575912','2018-09-10 07:45:17'),(62,'RUA6YBLmbdaIo1sy15fZqDQgwbWKgIchIKtpu5Og','412373','2018-09-10 08:03:04'),(63,'hqA3fMqoGm6seCdsaddnl7JN9yLChGKap3NtgDXj','401591','2018-09-10 08:25:41'),(64,'Ifb7DjL9SQ7HwePjUiuHlUyn63Tf1wazGS9EG4lG','116551','2018-09-10 08:28:48'),(65,'ATuex55oZ6ngDUmvbZmCJrmACKhzj7wzPGENwb5V','115017','2018-09-10 08:36:26'),(66,'edybpjqdqOEHeoH6z0dx8uysC4N4gdpwerBVH2sb','676939','2018-09-10 08:37:29'),(67,'4BHsHkmbbz5sUFx4iZsRiLZEmz5upEpfpnFvhwJe','478852','2018-09-10 08:38:41'),(68,'zlimVMa64THANUxDZyqce26ybeu29ycI90oUtIm3','276345','2018-09-10 08:41:03'),(69,'MyJVHUMuh9KRA5CGytVZKGH3m4SzNZHLqbPCHynq','279082','2018-09-10 08:46:28'),(70,'2Gr4k2t0VmoUoQGtGkFgsaooLyHqbNbX5nNifvtY','571576','2018-09-10 08:48:46'),(71,'etl3azpmHVQ7ZnMQI4T2ksa7ZrEpZQO792gKD2Kc','493567','2018-09-10 08:50:12'),(72,'KgdsPpxMVT7WH8ODMwI6x7uPTRvWBMfg5XgZ9dNQ','673010','2018-09-10 09:00:42'),(73,'CKpA3M38sTsxkUtDNX5pI44PzEUnyDmnJ2bTZ5qw','267043','2018-09-10 09:03:39'),(74,'Gc5PTRtvXhkp49EPmXvRSYI1TeMF2QzwSdxPW59Z','225128','2018-09-10 09:04:50'),(75,'j5CF2VAQyPXrtRBdWpAc8XaI7b7IApw0X7Nd0Drd','775595','2018-09-10 09:11:21'),(76,'3tD2kXxWxzmCkU8BhyYRYserOI02Gv3bMP8vQgIT','856012','2018-09-10 09:26:49'),(77,'tfrbEFQ78rceIR9vMoam7xMIu0iBKaCddoKjoCzl','318086','2018-09-10 09:32:44'),(78,'4jWjqQpc6HL4ZSG0HPZ1xKuMrAdfONV1wvdNOBMu','328683','2018-09-10 09:58:38'),(79,'2bFB7Rt4TzKVV5VyrDpvc1eRqhuR18GBd9FlgdUO','746834','2018-09-10 10:39:39'),(80,'pEFm9NVLoVkXQZF6aJyus2ZJcb1vbm7lnEw6wPhj','620733','2018-09-10 10:53:36'),(81,'grB8RLYJ3LfQ91gcYK1W5SgjIydfdZWCOa2kMpgq','870194','2018-09-10 10:58:31'),(82,'A1vAEQU3rXHfr9Fv8B1Y0rzwcUisHWbegPO0xybv','777137','2018-09-10 11:08:45'),(83,'BFbiDswVpENucEx4RftOznobuPyhMMD5Fw9WiBDX','472714','2018-09-10 11:35:15'),(84,'2xSylgyZVdIAFvWWLnhX5Od7uMG0RkvNMzBoUHmR','777782','2018-09-10 11:44:31'),(85,'G032KOXAu4oTJ2FFgb3c50iCsEBjF6VGSAtE3aVV','472189','2018-09-10 11:51:49'),(86,'jEG56qZRRT6WGN2JBdxX1ec2UjP0HpAOScBJa5HT','457942','2018-09-10 11:53:35'),(87,'XyN8s85eDjYNxckCYpRcIQaBnD73BBApb5pnKQRE','969575','2018-09-10 12:02:22'),(88,'mGIfPss17uWEN127R8laQNgmZGaKjkU53j5YGR8q','667331','2018-09-10 12:19:15'),(89,'e0wAzo3u0hX3ZN9ZLgtWo7kGKyYlahTcTkkZf71C','785257','2018-09-10 12:26:00'),(90,'jUD8zOBOeG11wewJFZxGIf7eAWKmH2iqLCrpEp18','356409','2018-09-10 12:32:28'),(91,'NudnEVsquh3SSJ9TLLm8qXEB0a0OlBKqRHu2yRZT','941567','2018-09-10 12:32:35'),(92,'Wj5I14zJXW6asne48QEK9XUZMILm37jvaDKLur8Q','633808','2018-09-10 13:03:16'),(93,'KzXbVpiv3Rg4rsw74HlcBTbEbGjr6qiD1gVdEMe2','422473','2018-09-10 13:18:15'),(94,'Vvdz80lBEbfXAQpt3AWE8NIayai0h194QOu0LtzE','158758','2018-09-10 13:47:25'),(95,'iyqdRiIJTFAyi7E9QIgmxNYdlTkVt1708Kr0R426','155014','2018-09-10 14:22:00'),(96,'Pk7Pv1CNx1A1rbMyJRnPHufL9BoVImJkatMXXfzK','357501','2018-09-10 14:40:05'),(97,'mYwOJ5OSC94V5f0qDJp4loraoB6uqGRGlkeHmDtX','582024','2018-09-10 16:10:46');
/*!40000 ALTER TABLE `token_registration` ENABLE KEYS */;
UNLOCK TABLES;

--
-- Table structure for table `transaction_id_event`
--

DROP TABLE IF EXISTS `transaction_id_event`;
/*!40101 SET @saved_cs_client     = @@character_set_client */;
/*!40101 SET character_set_client = utf8 */;
CREATE TABLE `transaction_id_event` (
  `id` varchar(20) DEFAULT NULL,
  `tgl_transaksi` datetime DEFAULT NULL,
  `jumlah_total` int(10) DEFAULT NULL,
  `diskon` int(10) DEFAULT NULL,
  `harga_akhir` int(10) DEFAULT NULL,
  `status_bayar` int(1) DEFAULT '0' COMMENT '0=Belum Lunas, 1=Lunas',
  `id_jenis_bayar` int(2) DEFAULT NULL,
  `keterangan_bank` varchar(255) DEFAULT NULL,
  `validasi_no` varchar(255) DEFAULT NULL,
  `id_user_merchant` int(3) DEFAULT NULL,
  `id_login_member` varchar(10) DEFAULT NULL,
  `id_event` int(11) DEFAULT NULL
) ENGINE=InnoDB DEFAULT CHARSET=latin1;
/*!40101 SET character_set_client = @saved_cs_client */;

--
-- Dumping data for table `transaction_id_event`
--

LOCK TABLES `transaction_id_event` WRITE;
/*!40000 ALTER TABLE `transaction_id_event` DISABLE KEYS */;
INSERT INTO `transaction_id_event` VALUES ('090001','2018-09-09 22:30:00',175000,NULL,175216,9,NULL,'-','216',NULL,'733930',42),('090002','2018-09-10 07:35:00',175000,NULL,175889,0,NULL,'-','889',NULL,'812877',42),('090005','2018-09-10 09:57:51',175000,NULL,175684,0,NULL,'-','684',NULL,'745092',42),('090006','2018-09-10 10:01:49',60000,NULL,60879,0,NULL,'-','879',NULL,'745092',44),('090007','2018-09-10 10:57:26',875000,0,875588,1,NULL,'TRSF E-BANKING CR 09/10 95031 ZECREET ZOO REG 5 ORANG ARDI SANTOSO|10-09-2018 11:02:01','588',NULL,'238754',42),('090008','2018-09-10 10:57:49',350000,0,350927,0,NULL,'-','927',NULL,'149341',42),('090009','2018-09-10 11:13:29',175000,NULL,175191,0,NULL,'-','191',NULL,'745092',42),('090010','2018-09-10 12:11:52',175000,NULL,175689,1,NULL,'TRSF E-BANKING CR 10/09 WSID:04921 WIDANTO DR|10-09-2018 09:14:02','689',NULL,'640048',42),('090011','2018-09-10 12:37:45',175000,NULL,175546,1,NULL,'TRSF E-BANKING CR 1009/FTSCY/WS95011 175546.00 JEMMY JULIANDO P S|10-09-2018 01:20:01','546',NULL,'224421',42),('090012','2018-09-10 12:49:46',175000,NULL,175859,0,NULL,'-','859',NULL,'208004',42),('090013','2018-09-10 13:11:54',175000,NULL,175911,0,NULL,'-','911',NULL,'378764',42),('090014','2018-09-10 14:17:48',175000,NULL,175643,1,NULL,'TRSF E-BANKING CR 1009/FTSCY/WS95011 175643.00 YULIUS EDUARDO SOE|10-09-2018 02:50:02','643',NULL,'990115',42),('090015','2018-09-10 14:48:11',175000,NULL,175123,1,NULL,'TRSF E-BANKING CR 1009/FTSCY/WS95011 175123.00 YULIUS EDUARDO SOE|10-09-2018 02:58:02','123',NULL,'514346',42),('090016','2018-09-10 15:55:31',175000,NULL,175235,0,NULL,'-','235',NULL,'478852',42),('090017','2018-09-10 16:21:37',175000,NULL,175736,0,NULL,'-','736',NULL,'571576',42),('090018','2018-09-10 16:30:04',175000,NULL,175445,0,NULL,'-','445',NULL,'267043',42),('090019','2018-09-10 16:30:17',175000,NULL,175916,0,NULL,'-','916',NULL,'279082',42),('090020','2018-09-10 16:33:30',175000,NULL,175481,0,NULL,'-','481',NULL,'279082',42),('090021','2018-09-10 16:53:53',175000,NULL,175797,0,NULL,'-','797',NULL,'318086',42),('090022','2018-09-10 16:54:32',175000,NULL,175151,1,NULL,'SWITCHING CR TRANSFER DR 114 ARIFIN KPO JATIM|10-09-2018 04:59:01','151',NULL,'318086',42),('090023','2018-09-10 20:04:51',175000,NULL,175662,0,NULL,'-','662',NULL,'969575',42),('090024','2018-09-10 20:05:17',175000,0,175204,0,NULL,'-','204',NULL,'617649',42),('090025','2018-09-10 20:26:00',175000,0,175854,0,NULL,'-','854',NULL,'617649',42),('090026','2018-09-10 20:28:03',175000,NULL,175332,0,NULL,'-','332',NULL,'633808',42),('090027','2018-09-10 20:47:25',175000,0,175594,0,NULL,'-','594',NULL,'617649',42),('090028','2018-09-10 21:36:38',175000,NULL,175336,0,NULL,'-','336',NULL,'155014',42),('090029','2018-09-10 21:49:41',175000,NULL,175724,0,NULL,'-','724',NULL,'357501',42),('090030','2018-09-10 23:21:28',175000,NULL,175867,0,NULL,'-','867',NULL,'582024',42),('090031','2018-09-10 23:24:15',175000,NULL,175788,0,NULL,'-','788',NULL,'676939',42),('090032','2018-09-11 00:00:00',175000,0,175563,0,0,'-','563',NULL,NULL,42);
/*!40000 ALTER TABLE `transaction_id_event` ENABLE KEYS */;
UNLOCK TABLES;

--
-- Table structure for table `ukuran_jersey`
--

DROP TABLE IF EXISTS `ukuran_jersey`;
/*!40101 SET @saved_cs_client     = @@character_set_client */;
/*!40101 SET character_set_client = utf8 */;
CREATE TABLE `ukuran_jersey` (
  `id` int(3) NOT NULL AUTO_INCREMENT,
  `ukuran` varchar(5) DEFAULT NULL,
  `deskripsi` varchar(100) DEFAULT NULL,
  `foto` varchar(100) DEFAULT NULL,
  `id_event` int(5) DEFAULT NULL,
  PRIMARY KEY (`id`)
) ENGINE=InnoDB AUTO_INCREMENT=25 DEFAULT CHARSET=latin1;
/*!40101 SET character_set_client = @saved_cs_client */;

--
-- Dumping data for table `ukuran_jersey`
--

LOCK TABLES `ukuran_jersey` WRITE;
/*!40000 ALTER TABLE `ukuran_jersey` DISABLE KEYS */;
INSERT INTO `ukuran_jersey` VALUES (1,'XS','Panjang 66 X 49','f005339d8b7e2e84f7523f8f09d396eb.jpg',42),(2,'S','Panjang 68 X 50','f005339d8b7e2e84f7523f8f09d396eb.jpg',42),(3,'M','Panjang 70 X 52','f005339d8b7e2e84f7523f8f09d396eb.jpg',42),(4,'L','Panjang 72 X 54','f005339d8b7e2e84f7523f8f09d396eb.jpg',42),(5,'XL','Panjang 74 X  57','f005339d8b7e2e84f7523f8f09d396eb.jpg',42),(6,'XXL','Panjang 76 X 60','f005339d8b7e2e84f7523f8f09d396eb.jpg',42),(7,'XS','66 X 49','c53bd22c23b4f3a5a8def9b0da62d828.jpg',43),(8,'S','68 X 50','c53bd22c23b4f3a5a8def9b0da62d828.jpg',43),(9,'M','70 X 52','c53bd22c23b4f3a5a8def9b0da62d828.jpg',43),(10,'L','72 X 54','c53bd22c23b4f3a5a8def9b0da62d828.jpg',43),(11,'XL','74 X 57','c53bd22c23b4f3a5a8def9b0da62d828.jpg',43),(12,'XXL','76 X 60','c53bd22c23b4f3a5a8def9b0da62d828.jpg',43),(13,'XS',NULL,'b3907669c8472aac568be146e380568b.jpg',44),(14,'S',NULL,'b3907669c8472aac568be146e380568b.jpg',44),(15,'M',NULL,'b3907669c8472aac568be146e380568b.jpg',44),(16,'L',NULL,'b3907669c8472aac568be146e380568b.jpg',44),(17,'XL',NULL,'b3907669c8472aac568be146e380568b.jpg',44),(18,'XXL',NULL,'b3907669c8472aac568be146e380568b.jpg',44),(19,'XS','66x49','188d9bb724ceb8583bd5d78306a76ba7.jpg',45),(20,'S','68x50','188d9bb724ceb8583bd5d78306a76ba7.jpg',45),(21,'M','70x52','188d9bb724ceb8583bd5d78306a76ba7.jpg',45),(22,'L','72x54','188d9bb724ceb8583bd5d78306a76ba7.jpg',45),(23,'XL','74x57','188d9bb724ceb8583bd5d78306a76ba7.jpg',45),(24,'XXL','76x60','188d9bb724ceb8583bd5d78306a76ba7.jpg',45);
/*!40000 ALTER TABLE `ukuran_jersey` ENABLE KEYS */;
UNLOCK TABLES;

--
-- Table structure for table `user_system`
--

DROP TABLE IF EXISTS `user_system`;
/*!40101 SET @saved_cs_client     = @@character_set_client */;
/*!40101 SET character_set_client = utf8 */;
CREATE TABLE `user_system` (
  `id` int(5) NOT NULL AUTO_INCREMENT,
  `username` varchar(100) DEFAULT NULL,
  `email` varchar(100) DEFAULT NULL,
  `password` varchar(255) DEFAULT NULL,
  `level` varchar(1) DEFAULT NULL,
  `last_login` datetime DEFAULT NULL,
  PRIMARY KEY (`id`)
) ENGINE=InnoDB AUTO_INCREMENT=4 DEFAULT CHARSET=latin1;
/*!40101 SET character_set_client = @saved_cs_client */;

--
-- Dumping data for table `user_system`
--

LOCK TABLES `user_system` WRITE;
/*!40000 ALTER TABLE `user_system` DISABLE KEYS */;
INSERT INTO `user_system` VALUES (1,'admin***','admin@admin.com','$2y$10$IDkgKp46GQwtMpt2/T7f..AYCpnnAArfjP6DrbQA/RV1XUrtZTA2i',NULL,NULL),(3,'widya','widyapamela@gmail.com','$2y$10$J1cRBqQH0cCXeY35C8lsleUYN7GTNkvaTCjKJyPbUaSBNj4/0appm',NULL,NULL);
/*!40000 ALTER TABLE `user_system` ENABLE KEYS */;
UNLOCK TABLES;
/*!40103 SET TIME_ZONE=@OLD_TIME_ZONE */;

/*!40101 SET SQL_MODE=@OLD_SQL_MODE */;
/*!40014 SET FOREIGN_KEY_CHECKS=@OLD_FOREIGN_KEY_CHECKS */;
/*!40014 SET UNIQUE_CHECKS=@OLD_UNIQUE_CHECKS */;
/*!40101 SET CHARACTER_SET_CLIENT=@OLD_CHARACTER_SET_CLIENT */;
/*!40101 SET CHARACTER_SET_RESULTS=@OLD_CHARACTER_SET_RESULTS */;
/*!40101 SET COLLATION_CONNECTION=@OLD_COLLATION_CONNECTION */;
/*!40111 SET SQL_NOTES=@OLD_SQL_NOTES */;

-- Dump completed on 2018-09-10 19:13:23
